Handle,Title,Body (HTML),Vendor,Product Category,Type,Tags,Published,Option1 Name,Option1 Value,Option1 Linked To,Option2 Name,Option2 Value,Option2 Linked To,Option3 Name,Option3 Value,Option3 Linked To,Variant SKU,Variant Grams,Variant Inventory Tracker,Variant Inventory Policy,Variant Fulfillment Service,Variant Price,Variant Compare At Price,Variant Requires Shipping,Variant Taxable,Unit Price Total Measure,Unit Price Total Measure Unit,Unit Price Base Measure,Unit Price Base Measure Unit,Variant Barcode,Image Src,Image Position,Image Alt Text,Gift Card,SEO Title,SEO Description,Google Shopping / Google Product Category,Google Shopping / Gender,Google Shopping / Age Group,Google Shopping / MPN,Google Shopping / Condition,Google Shopping / Custom Product,Google Shopping / Custom Label 0,Google Shopping / Custom Label 1,Google Shopping / Custom Label 2,Google Shopping / Custom Label 3,Google Shopping / Custom Label 4,Badge Personalizada (product.metafields.corneta.custom_tag),Badge personalizada cor (product.metafields.corneta.custom_tag_color),Subtítulo do produto (product.metafields.corneta.product_subtitle),Versões - Produtos (product.metafields.corneta.product_versions),Ocultar produto - Redirecionamento (product.metafields.corneta.redirect_product),Google: Custom Product (product.metafields.mm-google-shopping.custom_product),Ocultar produto - Busca & SEO (product.metafields.seo.hidden),Grupo de idade (product.metafields.shopify.age-group),Cor (product.metafields.shopify.color-pattern),Tamanho (product.metafields.shopify.size),Tipo de comprimento da manga (product.metafields.shopify.sleeve-length-type),Gênero alvo (product.metafields.shopify.target-gender),Tipo de comprimento do top (product.metafields.shopify.top-length-type),Produtos complementares (product.metafields.shopify--discovery--product_recommendation.complementary_products),Produtos relacionados (product.metafields.shopify--discovery--product_recommendation.related_products),Configurações de produtos relacionados (product.metafields.shopify--discovery--product_recommendation.related_products_display),Impulsionamentos de produtos na pesquisa (product.metafields.shopify--discovery--product_search_boost.queries),Variant Image,Variant Weight Unit,Variant Tax Code,Cost per item,Status
errou-molhou,"Errou, Molhou - Um quiz maluco onde errar significa se molhar","<p data-end=""502"" data-start=""229""><strong data-end=""329"" data-start=""311"">Errou, Molhou!</strong> é simples: alguém faz a pergunta, todo mundo responde… e quem errar leva uma borrifada de água!<br data-end=""428"" data-start=""425"">É rápido, fácil de jogar e rende momentos que viram <em data-end=""501"" data-start=""480"">história de família</em>.</p>
<h2 data-end=""525"" data-start=""504"">💦 COMO FUNCIONA?</h2>
<ul>
<li data-end=""558"" data-start=""528"">Leia a pergunta em voz alta.</li>
<li data-end=""558"" data-start=""528"">Todos escolhem sua resposta.</li>
<li data-end=""623"" data-start=""594"">Revelou, errou… <strong data-end=""621"" data-start=""610"">molhou!</strong>
</li>
<li data-end=""682"" data-start=""626"">Quem acertar desvia da água e ainda zoa quem se deu mal.</li>
</ul>
<h2 data-end=""724"" data-start=""684"">🎉 POR QUE ESSE JOGO É VICIANTE?</h2>
<ul>
<li data-end=""788"" data-start=""727"">
<strong data-end=""770"" data-start=""727"">Diversão garantida para todas as idades</strong> (dos 8 aos 129).</li>
<li data-end=""918"" data-start=""833"">Ninguém fica parado, todo turno gera caos e risada.</li>
<li data-end=""976"" data-start=""921"">Regras simples, zero complicação: abriu a caixa, jogou.</li>
</ul>
<h2 data-end=""1008"" data-start=""978"">👨 PERFEITO PARA</h2>
<ul>
<li data-end=""1032"" data-start=""1011"">Jantares em família</li>
<li data-end=""1058"" data-start=""1035"">Festinhas e encontros</li>
<li data-end=""1075"" data-start=""1061"">Aniversários</li>
<li data-end=""1096"" data-start=""1078"">Férias e viagens</li>
<li data-end=""1144"" data-start=""1099"">Momentos de “tá todo mundo no sofá, e agora?”</li>
</ul>
<h2 data-end=""1172"" data-start=""1146"">📦 O QUE VEM NA CAIXA?</h2>
<ul>
<li data-end=""1216"" data-start=""1175"">200 Cartas de perguntas de múltipla escolha<br>
</li>
<li data-end=""1264"" data-start=""1241"">Borrifador de água</li>
<li data-end=""1341"" data-start=""1267"">Livro de Regras</li>
</ul>",Corneta Jogos,Uncategorized,"","familia, festa",true,Title,Default Title,,,,,,,,L70001,300.0,shopify,continue,manual,129.90,179.90,true,false,,,,,'7898973480232,https://cdn.shopify.com/s/files/1/0656/8620/8683/files/Untitled-1.png?v=1764355769,1,"",false,,,,,,,,,,,,,,PERFEITO PRO VERÃO,Secundário,O jogo mais divertido (e molhado) da sua prateleira,,,,,,,,,,,,,,,,kg,,26.67,active
errou-molhou,,,,,,,,,,,,,,,,,,,,,,,,,,,,,,,https://cdn.shopify.com/s/files/1/0656/8620/8683/files/2_c4636553-2d66-4ec4-87d8-fb9afe968396.png?v=1764355769,2,"",,,,,,,,,,,,,,,,,,,,,,,,,,,,,,,,,,,,
errou-molhou,,,,,,,,,,,,,,,,,,,,,,,,,,,,,,,https://cdn.shopify.com/s/files/1/0656/8620/8683/files/123.png?v=1764356002,3,"",,,,,,,,,,,,,,,,,,,,,,,,,,,,,,,,,,,,
colecao-o-fio-invisivel-bundle-completo-3-edicoes,Coleção O Fio Invisível - Bundle completo (3 edições),,Corneta Jogos,Uncategorized,"","",true,Title,Default Title,,,,,,,,QC90001,0.0,shopify,continue,manual,299.90,,true,false,,,,,,https://cdn.shopify.com/s/files/1/0656/8620/8683/files/1_77216a0d-7791-4af5-89ec-99473b08139f.png?v=1762257254,1,"",false,,,,,,,,,,,,,,,,,,,,'1,,,,,,,,,,,,kg,,,active
jogo-faz-ou-bebe-pesadao-1,Jogo Faz ou Bebe Pesadão,"<p><span>O Faz ou Bebe ficou ainda mais insano com o novo PESADÃO! Prepare-se para desafios extremamente difíceis que vão elevar suas festas a outro nível.</span></p>
<p>🔥 <strong>Desafios ousados:</strong> Desafios explícitos e intensos que vão levar você e seus amigos ao limite, garantindo momentos de pura adrenalina e diversão.</p>
<p>🎭 <strong>Situações hilárias: </strong>Prepare-se para situações hilárias e embaraçosas que vão testar seus limites e fazer todos rirem sem parar.</p>
<p>🎉 <strong>Diversão garantida:</strong> A cada rodada, uma nova surpresa, fazendo com que todos os jogadores se mantenham animados e envolvidos.</p>",Corneta Jogos,Uncategorized,"","drinking, festa",true,Title,Default Title,,,,,,,,L10006,250.0,shopify,continue,manual,79.90,,true,false,,,,,'7898973480201,https://cdn.shopify.com/s/files/1/0656/8620/8683/files/1.webp?v=1756119749,1,"",false,,,,,,,,,,,,,,,,"Mais ousado, mais pesado, mais caótico",,,,,,,,,,,,,,,,kg,,13.03,active
jogo-faz-ou-bebe-pesadao-1,,,,,,,,,,,,,,,,,,,,,,,,,,,,,,,https://cdn.shopify.com/s/files/1/0656/8620/8683/files/12_6397ae7d-e3ce-42c9-baf6-8380011b9a55.png?v=1754922829,2,"",,,,,,,,,,,,,,,,,,,,,,,,,,,,,,,,,,,,
jogo-faz-ou-bebe-pesadao-1,,,,,,,,,,,,,,,,,,,,,,,,,,,,,,,https://cdn.shopify.com/s/files/1/0656/8620/8683/files/3_4d12bddd-4a7d-4919-927b-a8e1f9811c22.webp?v=1754922829,3,"",,,,,,,,,,,,,,,,,,,,,,,,,,,,,,,,,,,,
jogo-faz-ou-bebe-pesadao-1,,,,,,,,,,,,,,,,,,,,,,,,,,,,,,,https://cdn.shopify.com/s/files/1/0656/8620/8683/files/2_77966899-a061-437d-b054-561aafa5676b.webp?v=1762958657,4,"",,,,,,,,,,,,,,,,,,,,,,,,,,,,,,,,,,,,
jogo-faz-ou-bebe-pesadao-1,,,,,,,,,,,,,,,,,,,,,,,,,,,,,,,https://cdn.shopify.com/s/files/1/0656/8620/8683/files/6_948bb57c-ac4b-4c78-9524-578f1d79e945.webp?v=1754922829,5,"",,,,,,,,,,,,,,,,,,,,,,,,,,,,,,,,,,,,
jogo-faz-ou-bebe-pesadao-1,,,,,,,,,,,,,,,,,,,,,,,,,,,,,,,https://cdn.shopify.com/s/files/1/0656/8620/8683/files/5_1c8a2e2d-4f77-4b15-9b71-f25f096c5ead.webp?v=1754922829,6,"",,,,,,,,,,,,,,,,,,,,,,,,,,,,,,,,,,,,
jogo-faz-ou-bebe-pesadao-1,,,,,,,,,,,,,,,,,,,,,,,,,,,,,,,https://cdn.shopify.com/s/files/1/0656/8620/8683/files/4_485465a3-91de-4d8a-8d00-e1c1e531877f.webp?v=1754922829,7,"",,,,,,,,,,,,,,,,,,,,,,,,,,,,,,,,,,,,
sorriu-bebeu-1,"Sorriu, Bebeu - Controle o riso ou prepare o copo","<p><span>O nome já diz, Sorriu, Bebeu! Pesque sua carta, escolha seu alvo e realize a ação.</span></p>
<p>🤣 <strong>Muitas risadas: </strong>Desafios que fazem quase impossível ficar sério. Tente não rir, se conseguir!</p>
<p>🍻 <strong>Muita bebida: </strong>Riu? Então bebe. Simples assim. A diversão é garantida a cada rodada.</p>
<p>😜 <strong>Desafios Divertidos:</strong> Encare desafios engraçados que provocam risos incontroláveis, perfeitos para animar qualquer grupo.</p>",Corneta Jogos,Uncategorized,"","drinking, festa",true,Title,Default Title,,,,,,,,L18001,130.0,shopify,continue,manual,59.90,49.90,true,false,,,,,'7898973480195,https://cdn.shopify.com/s/files/1/0656/8620/8683/files/caixa-frente-amarela.png?v=1742039779,1,"",false,,,,,,,,,,,,,,,,,,,,,,,,,,,,,,,,kg,,7.67,active
sorriu-bebeu-1,,,,,,,,,,,,,,,,,,,,,,,,,,,,,,,https://cdn.shopify.com/s/files/1/0656/8620/8683/files/11_8747ddc3-33fc-48c4-be5c-5f1eadff4ae9.png?v=1754923043,2,"",,,,,,,,,,,,,,,,,,,,,,,,,,,,,,,,,,,,
sorriu-bebeu-1,,,,,,,,,,,,,,,,,,,,,,,,,,,,,,,https://cdn.shopify.com/s/files/1/0656/8620/8683/files/8_32e6df6c-9181-491f-8be1-00a2ba01bd6d.png?v=1761565006,3,"",,,,,,,,,,,,,,,,,,,,,,,,,,,,,,,,,,,,
sorriu-bebeu-1,,,,,,,,,,,,,,,,,,,,,,,,,,,,,,,https://cdn.shopify.com/s/files/1/0656/8620/8683/files/3_aea81c9e-721d-4d20-8165-18cdb947169a.png?v=1761565006,4,"",,,,,,,,,,,,,,,,,,,,,,,,,,,,,,,,,,,,
sorriu-bebeu-1,,,,,,,,,,,,,,,,,,,,,,,,,,,,,,,https://cdn.shopify.com/s/files/1/0656/8620/8683/files/2_f0288c63-945b-4603-b6e2-7d27d4ffa940.png?v=1761565006,5,"",,,,,,,,,,,,,,,,,,,,,,,,,,,,,,,,,,,,
sorriu-bebeu-1,,,,,,,,,,,,,,,,,,,,,,,,,,,,,,,https://cdn.shopify.com/s/files/1/0656/8620/8683/files/6_0493133c-941c-45d1-b8a7-80a876834447.png?v=1754923043,6,"",,,,,,,,,,,,,,,,,,,,,,,,,,,,,,,,,,,,
sorriu-bebeu-1,,,,,,,,,,,,,,,,,,,,,,,,,,,,,,,https://cdn.shopify.com/s/files/1/0656/8620/8683/files/5_4234a54b-8dd9-4d9d-9766-41e2c467cc65.png?v=1754923043,7,"",,,,,,,,,,,,,,,,,,,,,,,,,,,,,,,,,,,,
eu-nunca-zoacao-deluxe-1,"Eu Nunca Zoação Deluxe - A versão raiz do Eu Nunca, mais zoeiro e mais risadas","<p><span>Eu Nunca Zoação é o jogo que revela as histórias mais loucas e engraçadas dos seus amigos, garantidos risadas e descobertas surpreendentes.</span></p>
<p>🎉<strong> Diversão Garantida: </strong>Leve o Eu Nunca Zoação para seus rolês e transforme-os em eventos cheios de risadas e momentos divertidos</p>
<p>🤣 <strong>Laços Fortalecidos:</strong> Ria e conecte-se profundamente com amigos e familiares através de histórias e jogos cheios de humor</p>
<p>🤪<strong> Revelações hilárias: </strong>Desvende as confissões mais engraçadas e surpresas entre amigos</p>
<p><strong>Contém 100 novas cartas</strong></p>",Corneta Jogos,Uncategorized,"","",true,Title,Default Title,,,,,,,,L23002,260.0,shopify,continue,manual,59.90,79.90,true,false,,,,,'7898973480188,https://cdn.shopify.com/s/files/1/0656/8620/8683/files/4_f15a39be-78a2-40f2-8a0c-bace5b54ee74.png?v=1756119749,1,"",false,,,,,,,,,,,,,,,,,,,,,,,,,,,,,,,,kg,,13.08,active
eu-nunca-zoacao-deluxe-1,,,,,,,,,,,,,,,,,,,,,,,,,,,,,,,https://cdn.shopify.com/s/files/1/0656/8620/8683/files/10_5fe811cd-8886-4c78-8fed-4b92bc8f833e.png?v=1753703751,2,"",,,,,,,,,,,,,,,,,,,,,,,,,,,,,,,,,,,,
eu-nunca-zoacao-deluxe-1,,,,,,,,,,,,,,,,,,,,,,,,,,,,,,,https://cdn.shopify.com/s/files/1/0656/8620/8683/files/2_5d9314f7-9144-4f36-897e-3e81664dad32.png?v=1754922044,3,"",,,,,,,,,,,,,,,,,,,,,,,,,,,,,,,,,,,,
eu-nunca-zoacao-deluxe-1,,,,,,,,,,,,,,,,,,,,,,,,,,,,,,,https://cdn.shopify.com/s/files/1/0656/8620/8683/files/JHO_9612.jpg?v=1761563722,4,"",,,,,,,,,,,,,,,,,,,,,,,,,,,,,,,,,,,,
eu-nunca-zoacao-deluxe-1,,,,,,,,,,,,,,,,,,,,,,,,,,,,,,,https://cdn.shopify.com/s/files/1/0656/8620/8683/files/3_0b92a1c7-3f55-4f23-bf1d-c4854220a9e6.png?v=1761563722,5,"",,,,,,,,,,,,,,,,,,,,,,,,,,,,,,,,,,,,
eu-nunca-zoacao-deluxe-1,,,,,,,,,,,,,,,,,,,,,,,,,,,,,,,https://cdn.shopify.com/s/files/1/0656/8620/8683/files/3_ef41bb6f-9e61-4f80-87ce-553a4183496d.webp?v=1754922044,6,"",,,,,,,,,,,,,,,,,,,,,,,,,,,,,,,,,,,,
eu-nunca-zoacao-deluxe-1,,,,,,,,,,,,,,,,,,,,,,,,,,,,,,,https://cdn.shopify.com/s/files/1/0656/8620/8683/files/4_639d9f89-80df-4970-a042-7e7a53383312.webp?v=1754922044,7,"",,,,,,,,,,,,,,,,,,,,,,,,,,,,,,,,,,,,
eu-nunca-zoacao-deluxe-1,,,,,,,,,,,,,,,,,,,,,,,,,,,,,,,https://cdn.shopify.com/s/files/1/0656/8620/8683/files/2_69e2f147-e1aa-48c0-8e23-0db97a768d55.webp?v=1754922044,8,"",,,,,,,,,,,,,,,,,,,,,,,,,,,,,,,,,,,,
quebra-cabeca-o-dia-que-nao-acabou-colecao-fio-invisivel,Quebra-cabeça O dia que não acabou - Coleção Fio Invisível,,Corneta Jogos,Uncategorized,"","",true,Title,Default Title,,,,,,,,QC1002,440.0,,deny,manual,149.90,0.00,true,false,,,,,'7898973480324,https://cdn.shopify.com/s/files/1/0656/8620/8683/files/1612728a7c7020856fa9b43b2866ffab.png?v=1761228784,1,"",false,,,,,,,,,,,,,,,,,,,,'1,,,,,,,,,,,,kg,,,active
quebra-cabeca-a-cidade-das-memorias-colecao-fio-invisivel,Quebra-cabeça A cidade das memórias - Coleção Fio Invisível,,Corneta Jogos,Uncategorized,"","",true,Title,Default Title,,,,,,,,QC1001,450.0,,deny,manual,149.90,0.00,true,false,,,,,'7898973480317,https://cdn.shopify.com/s/files/1/0656/8620/8683/files/398344a81db3dbb72391b78025ebb877.png?v=1761228740,1,"",false,,,,,,,,,,,,,,,,,,,,'1,,,,,,,,,,,,kg,,,active
quebra-cabeca-ordem-2147-colecao-fio-invisivel,Quebra-cabeça Ordem 2147 - Coleção Fio Invisível,,Corneta Jogos,Uncategorized,"","",true,Title,Default Title,,,,,,,,QC1003,440.0,,deny,manual,149.90,0.00,true,false,,,,,'7898973480331,https://cdn.shopify.com/s/files/1/0656/8620/8683/files/696a1e9f838873b81e64f2fc12f67a13.png?v=1761228715,1,"",false,,,,,,,,,,,,,,,,,,,,'1,,,,,,,,,,,,kg,,,active
farra-pinga-truco-torresmo-churrasco,"Farra, Pinga, Truco, Torresmo, Churrasco","<p data-start=""135"" data-end=""383"">O nome já diz tudo: esse é o jogo perfeito pra animar qualquer resenha, rolê ou churrascão!<br data-start=""226"" data-end=""229"">Com cartas engraçadas e super Brasileiras, <strong data-start=""282"" data-end=""325"">Farra, Pinga, Truco, Torresmo, Churrasco</strong> transforma qualquer encontro em uma festa inesquecível.</p>
<p data-start=""385"" data-end=""632"">👉 Ideal para jogar com os amigos entre uma gelada e uma rodada de truco.<br data-start=""458"" data-end=""461"">👉 Regras simples, diversão imediata: só abrir, embaralhar e cair na farra.<br data-start=""536"" data-end=""539"">👉 Diversão garantida com cartas que misturam humor, memes Brasileiros e muita zoação.</p>
<p data-start=""634"" data-end=""840"">Se você curte risadas sem fim, tretas engraçadas e aquela energia de boteco com churras, esse jogo é a escolha certa. Perfeito para solteiros, universitários e qualquer grupo que não deixa a festa morrer.</p>
<p data-start=""842"" data-end=""947"">⚡ <strong data-start=""844"" data-end=""866"">Idade recomendada:</strong> 14+<br data-start=""870"" data-end=""873"">⚡ <strong data-start=""875"" data-end=""889"">Jogadores:</strong> 3 ou mais<br data-start=""899"" data-end=""902"">⚡ <strong data-start=""904"" data-end=""922"">Tempo de jogo:</strong> até a galera aguentar!</p>
<p data-start=""949"" data-end=""1030"">Chama os amigos, abre a cerveja e prepara a zoeira: <strong data-start=""1001"" data-end=""1025"">a farra vai começar!</strong> 🍻</p>",Corneta Jogos,Uncategorized,"","",true,Title,Default Title,,,,,,,,L100001,210.0,shopify,continue,manual,59.90,,true,false,,,,,'7898973480256,https://cdn.shopify.com/s/files/1/0656/8620/8683/files/1_8321026b-1f90-41ec-aef6-e9e0abb2a299.png?v=1756119749,1,"",false,,,,,,,,,,,,,,,,"Um jogo de reflexo insano: grita, bate e não vacila!",,,,,,,,,,,,,,,,kg,,9.03,active
farra-pinga-truco-torresmo-churrasco,,,,,,,,,,,,,,,,,,,,,,,,,,,,,,,https://cdn.shopify.com/s/files/1/0656/8620/8683/files/Artboard_3.png?v=1755807834,2,"",,,,,,,,,,,,,,,,,,,,,,,,,,,,,,,,,,,,
farra-pinga-truco-torresmo-churrasco,,,,,,,,,,,,,,,,,,,,,,,,,,,,,,,https://cdn.shopify.com/s/files/1/0656/8620/8683/files/3_5ca83853-fc83-483e-9a44-3cbffc2530cb.png?v=1755810019,3,"",,,,,,,,,,,,,,,,,,,,,,,,,,,,,,,,,,,,
farra-pinga-truco-torresmo-churrasco,,,,,,,,,,,,,,,,,,,,,,,,,,,,,,,https://cdn.shopify.com/s/files/1/0656/8620/8683/files/Artboard_1_6346cb27-3ac9-40ca-b2f5-fe2033b13f17.png?v=1755810019,4,"",,,,,,,,,,,,,,,,,,,,,,,,,,,,,,,,,,,,
farra-pinga-truco-torresmo-churrasco,,,,,,,,,,,,,,,,,,,,,,,,,,,,,,,https://cdn.shopify.com/s/files/1/0656/8620/8683/files/Artboard_2_10667099-1b3c-4b28-ad49-14f1b510acfc.png?v=1755810019,5,"",,,,,,,,,,,,,,,,,,,,,,,,,,,,,,,,,,,,
farra-pinga-truco-torresmo-churrasco,,,,,,,,,,,,,,,,,,,,,,,,,,,,,,,https://cdn.shopify.com/s/files/1/0656/8620/8683/files/Artboard_2-1.png?v=1755810019,6,"",,,,,,,,,,,,,,,,,,,,,,,,,,,,,,,,,,,,
farra-pinga-truco-torresmo-churrasco,,,,,,,,,,,,,,,,,,,,,,,,,,,,,,,https://cdn.shopify.com/s/files/1/0656/8620/8683/files/Artboard_2-2.png?v=1755810019,7,"",,,,,,,,,,,,,,,,,,,,,,,,,,,,,,,,,,,,
politicamente-incorreto,Jogo Politicamente Incorreto - 500 cartas de caos e zero filtros,"<p data-start=""221"" data-end=""497"">Prepare-se para rir, se chocar e talvez até repensar suas amizades.<br data-start=""288"" data-end=""291""><strong data-start=""291"" data-end=""318"">Politicamente Incorreto</strong> é o jogo perfeito para quem não tem medo de ultrapassar todos os limites do humor. Aqui, não existe linha tênue: é piada ácida, sarcasmo e zoeira sem filtro do começo ao fim.</p>
<p data-start=""499"" data-end=""716"">Você vai combinar perguntas e respostas absurdas para criar frases totalmente inapropriadas (e hilárias). Quanto mais errada a combinação, mais o grupo ri – e mais você se arrisca a virar o alvo das piadas da noite.</p>
<p data-start=""718"" data-end=""770"">🔥 <strong data-start=""721"" data-end=""768"">Por que você vai amar (ou odiar) esse jogo:</strong></p>
<ul>
<li data-start=""773"" data-end=""809"">Humor ácido, ousado e zero censura</li>
<li data-start=""812"" data-end=""858"">Momentos épicos e piadas internas garantidas</li>
<li data-start=""861"" data-end=""901"">Fácil de aprender, impossível de parar</li>
<li data-start=""904"" data-end=""968"">Perfeito para festas, churrascos e rolês com amigos sem mimimi</li>
</ul>
<p data-start=""970"" data-end=""997"">📦 <strong data-start=""973"" data-end=""995"">Conteúdo da caixa:</strong></p>
<ul>
<li data-start=""1000"" data-end=""1031"">100 cartas pretas (perguntas)</li>
<li data-start=""1000"" data-end=""1031"">400 cartas brancas (respostas)</li>
<li data-start=""1034"" data-end=""1066"">Regras simples e rápidas</li>
</ul>
<p data-start=""1097"" data-end=""1165"">⚠️ <strong data-start=""1100"" data-end=""1110"">Aviso:</strong> Se você se ofende fácil… é melhor nem abrir a caixa.</p>",Corneta Jogos,Uncategorized,"","",true,Title,Default Title,,,,,,,,L90001,1000.0,shopify,continue,manual,189.90,,true,false,,,,,'7898973480249,https://cdn.shopify.com/s/files/1/0656/8620/8683/files/1_97df3996-67c5-40e7-aeb3-94a90da4f3f8.png?v=1756119749,1,"",false,,,,,,,,,,,,,,NOVO🔥,Preto,"Piadas pesadas, respostas proibidas e gargalhadas obrigatórias",,,,,,,,,,,,,,,,kg,,32.28,active
politicamente-incorreto,,,,,,,,,,,,,,,,,,,,,,,,,,,,,,,https://cdn.shopify.com/s/files/1/0656/8620/8683/files/45sd.png?v=1755204928,2,"",,,,,,,,,,,,,,,,,,,,,,,,,,,,,,,,,,,,
politicamente-incorreto,,,,,,,,,,,,,,,,,,,,,,,,,,,,,,,https://cdn.shopify.com/s/files/1/0656/8620/8683/files/2_2ce59398-612a-442d-9425-f9916c012d33.png?v=1755204928,3,"",,,,,,,,,,,,,,,,,,,,,,,,,,,,,,,,,,,,
politicamente-incorreto,,,,,,,,,,,,,,,,,,,,,,,,,,,,,,,https://cdn.shopify.com/s/files/1/0656/8620/8683/files/Artboard_1_1e80ffe8-695c-4890-a097-253479e6ad38.png?v=1755204928,4,"",,,,,,,,,,,,,,,,,,,,,,,,,,,,,,,,,,,,
politicamente-incorreto,,,,,,,,,,,,,,,,,,,,,,,,,,,,,,,https://cdn.shopify.com/s/files/1/0656/8620/8683/files/Artboard_2_29e848cf-a5b3-4f69-ab83-ad3317bcd740.png?v=1755204928,5,"",,,,,,,,,,,,,,,,,,,,,,,,,,,,,,,,,,,,
gosto-e-que-nem,Jogo Gosto é que nem... - Ranking de gostos bizarros e muita zoeira,"<p data-start=""255"" data-end=""543"">Você acha que é normal colocar ketchup na pizza? E dormir ouvindo barulho de ventilador no volume máximo? No <strong data-start=""364"" data-end=""388"">Gosto é que nem...</strong>, as cartas trazem situações absurdas, polêmicas e vergonhosamente reais, e o grupo precisa decidir se isso é aceitável ou simplesmente um surto coletivo.</p>
<p data-start=""724"" data-end=""794"">🃏 100 cartas com dilemas, gostos duvidosos e situações absurdas</p>
<p data-start=""797"" data-end=""867"">😂 Rende risadas, debates acalorados e julgamentos na medida certa</p>
<p data-start=""870"" data-end=""925"">🧠 Testa o senso crítico (ou a falta dele) do grupo</p>
<p data-start=""928"" data-end=""976"">🚫 Não precisa de preparo ou regras difíceis</p>
<p data-start=""979"" data-end=""1040"">🕒 Partidas rápidas e viciantes – impossível jogar só uma</p>
<p data-start=""1043"" data-end=""1096"">👯 Ideal pra festas, encontros e rolês em casa</p>",Corneta Jogos,Uncategorized,"","",true,Title,Default Title,,,,,,,,L80001,300.0,shopify,continue,manual,79.90,109.90,true,false,,,,,'7898973480225,https://cdn.shopify.com/s/files/1/0656/8620/8683/files/1_3ac26584-534b-4ca9-8806-a6aff04d598c.png?v=1756119749,1,"",false,,,,,,,,,,,,,,NOVO,Primário,Defenda seus gostos estranhos ou perca a treta,,,,,,,,,,,,,,,,kg,,14.88,active
gosto-e-que-nem,,,,,,,,,,,,,,,,,,,,,,,,,,,,,,,https://cdn.shopify.com/s/files/1/0656/8620/8683/files/arrows.png?v=1754658911,2,"",,,,,,,,,,,,,,,,,,,,,,,,,,,,,,,,,,,,
gosto-e-que-nem,,,,,,,,,,,,,,,,,,,,,,,,,,,,,,,https://cdn.shopify.com/s/files/1/0656/8620/8683/files/3_eb5eb356-d138-4c93-9fe5-db1e08a50d97.png?v=1754658911,3,"",,,,,,,,,,,,,,,,,,,,,,,,,,,,,,,,,,,,
gosto-e-que-nem,,,,,,,,,,,,,,,,,,,,,,,,,,,,,,,https://cdn.shopify.com/s/files/1/0656/8620/8683/files/c1.png?v=1754658911,4,"",,,,,,,,,,,,,,,,,,,,,,,,,,,,,,,,,,,,
gosto-e-que-nem,,,,,,,,,,,,,,,,,,,,,,,,,,,,,,,https://cdn.shopify.com/s/files/1/0656/8620/8683/files/c2.png?v=1754658911,5,"",,,,,,,,,,,,,,,,,,,,,,,,,,,,,,,,,,,,
jogo-faz-ou-bebe-original-1,Jogo Faz ou Bebe Original - O jogo de bebida nº1 do Brasil,"<p><span>O Faz ou Bebe é um jogo de cartas divertido com desafios que misturam humor e ousadia. Ideal para esquentar festas e reuniões com amigos.</span></p>
<p><span>🤪 <strong>O melhor jogo do  Brasil:</strong> Sueca, eu nunca, kama sutra… Tudo isso em um jogo só. São diversos desafios que vão deixar sua noite muito mais divertida </span></p>
<p><span>🥳 <strong>Perfeito para esquentas: </strong>Passe seu tempo com quem você gosta bebendo e rindo. O Faz ou Bebe é ideal pra animar sua noite. </span></p>
<p><span>🙈 <strong>Sem cartas entediantes</strong>: São 200 cartas com diversos desafios diferentes. Perfeitos para todo mundo que quer curtir e aproveitar o seu rolê. </span></p>
<p><span>👉 <strong>Combinação perfeita:</strong> Quer beber bastante? Quer um rolê engraçado com seus amigos? O Faz ou Bebe é pra você! </span></p>
<p><span>🔥 <strong>Mude o rolê:</strong> Convide seus amigos e prepare-se pois sua noite jamais será a mesma!</span></p>",Corneta Jogos,Uncategorized,"","",true,Title,Default Title,,,,,,,,L10003,445.0,shopify,continue,manual,104.90,139.90,true,false,,,,,'7898973480157,https://cdn.shopify.com/s/files/1/0656/8620/8683/files/angulada-frente-amarela.png?v=1756119749,1,"",false,,,,,,,,,,,,,,MAIS VENDIDO,Primário,"Ou você faz, ou você bebe. Simples e divertido",,,,,,,,,,,,,,,,kg,,16.78,active
jogo-faz-ou-bebe-original-1,,,,,,,,,,,,,,,,,,,,,,,,,,,,,,,https://cdn.shopify.com/s/files/1/0656/8620/8683/files/titulos.png?v=1730917237,2,"",,,,,,,,,,,,,,,,,,,,,,,,,,,,,,,,,,,,
jogo-faz-ou-bebe-original-1,,,,,,,,,,,,,,,,,,,,,,,,,,,,,,,https://cdn.shopify.com/s/files/1/0656/8620/8683/files/10.png?v=1754922916,3,"",,,,,,,,,,,,,,,,,,,,,,,,,,,,,,,,,,,,
jogo-faz-ou-bebe-original-1,,,,,,,,,,,,,,,,,,,,,,,,,,,,,,,https://cdn.shopify.com/s/files/1/0656/8620/8683/files/7.webp?v=1754921817,4,"",,,,,,,,,,,,,,,,,,,,,,,,,,,,,,,,,,,,
jogo-faz-ou-bebe-original-1,,,,,,,,,,,,,,,,,,,,,,,,,,,,,,,https://cdn.shopify.com/s/files/1/0656/8620/8683/files/12_6397ae7d-e3ce-42c9-baf6-8380011b9a55.png?v=1754922829,5,"",,,,,,,,,,,,,,,,,,,,,,,,,,,,,,,,,,,,
jogo-faz-ou-bebe-original-1,,,,,,,,,,,,,,,,,,,,,,,,,,,,,,,https://cdn.shopify.com/s/files/1/0656/8620/8683/files/2_dbed5c51-6e62-451a-ad94-118dacb8d691.png?v=1754921817,6,"",,,,,,,,,,,,,,,,,,,,,,,,,,,,,,,,,,,,
jogo-faz-ou-bebe-original-1,,,,,,,,,,,,,,,,,,,,,,,,,,,,,,,https://cdn.shopify.com/s/files/1/0656/8620/8683/files/8.webp?v=1754921817,7,"",,,,,,,,,,,,,,,,,,,,,,,,,,,,,,,,,,,,
jogo-faz-ou-bebe-original-1,,,,,,,,,,,,,,,,,,,,,,,,,,,,,,,https://cdn.shopify.com/s/files/1/0656/8620/8683/files/14.png?v=1754921817,8,"",,,,,,,,,,,,,,,,,,,,,,,,,,,,,,,,,,,,
jogo-faz-ou-bebe-original-1,,,,,,,,,,,,,,,,,,,,,,,,,,,,,,,https://cdn.shopify.com/s/files/1/0656/8620/8683/files/11.png?v=1754921817,9,"",,,,,,,,,,,,,,,,,,,,,,,,,,,,,,,,,,,,
noite-das-garotas-1,Jogo Noite das Garotas - Uma desculpa perfeita para encontrar as amigas,"<p>Noite das Garotas é um jogo feito para quebrar a rotina e trazer diversão para mulheres. Com 200 cartas que animam e envolvem ele cria momentos autênticos e divertidos para encontro entre amigas 🍹</p>
<p><strong>💕Fortaleça amizades</strong>: Transforme encontros com as amigas em noites inesquecíveis com risos e conversas profundas.</p>
<p><strong>👯♂️Criatividade e diversão</strong>: Cada carta é projetada para criar momentos únicos e animar a noite.</p>
<p><strong>🧩Memórias garantidas</strong>: Um jogo que transforma qualquer noite comum em uma experiência especial.</p>",Corneta Jogos,Toys & Games > Games > Card Games,"",festa,true,Title,Default Title,,,,,,,,L22001,420.0,shopify,continue,manual,169.90,,true,false,,,,,'7898973480164,https://cdn.shopify.com/s/files/1/0656/8620/8683/files/frente-amarela.png?v=1758821606,1,"",false,,,1247,,,,,,,,,,,GIRLS NIGHT 💅,Rosa,Vinho + amigas + fofoca: receita da girls night perfeita,,,,,,,,,,,,,,,,kg,,18.78,active
noite-das-garotas-1,,,,,,,,,,,,,,,,,,,,,,,,,,,,,,,https://cdn.shopify.com/s/files/1/0656/8620/8683/files/10_31d8aae4-0ff3-4dd8-87a9-05973fc38f74.png?v=1758821606,2,"",,,,,,,,,,,,,,,,,,,,,,,,,,,,,,,,,,,,
noite-das-garotas-1,,,,,,,,,,,,,,,,,,,,,,,,,,,,,,,https://cdn.shopify.com/s/files/1/0656/8620/8683/files/14_6ea61791-2dff-468a-8ba5-3f1bdd22feac.png?v=1758821606,3,"",,,,,,,,,,,,,,,,,,,,,,,,,,,,,,,,,,,,
noite-das-garotas-1,,,,,,,,,,,,,,,,,,,,,,,,,,,,,,,https://cdn.shopify.com/s/files/1/0656/8620/8683/files/9.png?v=1758821606,4,"",,,,,,,,,,,,,,,,,,,,,,,,,,,,,,,,,,,,
noite-das-garotas-1,,,,,,,,,,,,,,,,,,,,,,,,,,,,,,,https://cdn.shopify.com/s/files/1/0656/8620/8683/files/13_94688d20-980b-4524-88a3-bb3d1eeedd62.png?v=1758821606,5,"",,,,,,,,,,,,,,,,,,,,,,,,,,,,,,,,,,,,
noite-das-garotas-1,,,,,,,,,,,,,,,,,,,,,,,,,,,,,,,https://cdn.shopify.com/s/files/1/0656/8620/8683/files/11_d2d26dca-5191-4d8a-9f6e-010dccf85cbf.png?v=1758821606,6,"",,,,,,,,,,,,,,,,,,,,,,,,,,,,,,,,,,,,
noite-das-garotas-1,,,,,,,,,,,,,,,,,,,,,,,,,,,,,,,https://cdn.shopify.com/s/files/1/0656/8620/8683/files/Prancheta_1-3.png?v=1758821606,7,"",,,,,,,,,,,,,,,,,,,,,,,,,,,,,,,,,,,,
noite-das-garotas-1,,,,,,,,,,,,,,,,,,,,,,,,,,,,,,,https://cdn.shopify.com/s/files/1/0656/8620/8683/files/Prancheta_1-1_0eb75b4e-1211-4ef8-a57c-4b39ae97adde.png?v=1758821606,8,"",,,,,,,,,,,,,,,,,,,,,,,,,,,,,,,,,,,,
noite-das-garotas-1,,,,,,,,,,,,,,,,,,,,,,,,,,,,,,,https://cdn.shopify.com/s/files/1/0656/8620/8683/files/Prancheta_1_cce16b80-7192-449c-84d0-3a4274206137.png?v=1758821606,9,"",,,,,,,,,,,,,,,,,,,,,,,,,,,,,,,,,,,,
noite-das-garotas-1,,,,,,,,,,,,,,,,,,,,,,,,,,,,,,,https://cdn.shopify.com/s/files/1/0656/8620/8683/files/Prancheta_1-2.png?v=1758821606,10,"",,,,,,,,,,,,,,,,,,,,,,,,,,,,,,,,,,,,
noite-das-garotas-1,,,,,,,,,,,,,,,,,,,,,,,,,,,,,,,https://cdn.shopify.com/s/files/1/0656/8620/8683/files/2_HORAS_1.jpg?v=1758821606,11,"",,,,,,,,,,,,,,,,,,,,,,,,,,,,,,,,,,,,
confissoes-proibidas-1,Jogo Confissões Proibidas,"<p><span>Confissões Proibidas é um jogo intrigante e divertido que explora segredos e histórias inéditas de seus amigos e é ideal para todas as ocasiões.</span></p>
<p>🎭<strong> Revelações Hilárias: </strong>Ria sem parar com as confissões e histórias surpreendentes que cada jogador traz à mesa!</p>
<p>🎉 <strong>Diversão em Grupo: </strong>Perfeito para quebrar o gelo e tornar qualquer encontro uma ocasião memorável cheia de diversão compartilhada.</p>
<p>🤣 <strong>Conexões Inesperadas:</strong> Descubra lados desconhecidos dos seus amigos através de confissões que prometem ser tão divertidas quanto reveladoras.</p>",Corneta Jogos,Toys & Games > Games > Card Games,"","",true,Title,Default Title,,,,,,,,L16001,135.0,shopify,continue,manual,44.90,59.90,true,false,,,,,'7898973480171,https://cdn.shopify.com/s/files/1/0656/8620/8683/files/dd69a6072b8ae58e9cd46ed65943ff56.png?v=1750786373,1,"",false,,,1247,,,,,,,,,,,,,"Segredos revelados, mentiras descobertas e muita zoeira",,,,,,,,,,,,,,,,kg,,7.28,active
confissoes-proibidas-1,,,,,,,,,,,,,,,,,,,,,,,,,,,,,,,https://cdn.shopify.com/s/files/1/0656/8620/8683/files/2_b2d87191-993e-4913-9526-a1b559317dae.png?v=1736276247,2,"",,,,,,,,,,,,,,,,,,,,,,,,,,,,,,,,,,,,
confissoes-proibidas-1,,,,,,,,,,,,,,,,,,,,,,,,,,,,,,,https://cdn.shopify.com/s/files/1/0656/8620/8683/files/6_17a5687c-f79a-464a-95de-3d97aafc9ad4.png?v=1754921965,3,"",,,,,,,,,,,,,,,,,,,,,,,,,,,,,,,,,,,,
confissoes-proibidas-1,,,,,,,,,,,,,,,,,,,,,,,,,,,,,,,https://cdn.shopify.com/s/files/1/0656/8620/8683/files/2_d189567c-6d3c-4143-8c56-51e03424c5d5.png?v=1754921965,4,"",,,,,,,,,,,,,,,,,,,,,,,,,,,,,,,,,,,,
confissoes-proibidas-1,,,,,,,,,,,,,,,,,,,,,,,,,,,,,,,https://cdn.shopify.com/s/files/1/0656/8620/8683/files/7_ec0ba97c-261e-4ff3-997b-71c582672804.png?v=1754921965,5,"",,,,,,,,,,,,,,,,,,,,,,,,,,,,,,,,,,,,
confissoes-proibidas-1,,,,,,,,,,,,,,,,,,,,,,,,,,,,,,,https://cdn.shopify.com/s/files/1/0656/8620/8683/files/5_aef1ed27-ffe1-410b-b598-e1f9de4f5773.png?v=1754921965,6,"",,,,,,,,,,,,,,,,,,,,,,,,,,,,,,,,,,,,
confissoes-proibidas-1,,,,,,,,,,,,,,,,,,,,,,,,,,,,,,,https://cdn.shopify.com/s/files/1/0656/8620/8683/files/862cb4b60bf40b5d4cbe183464655598.png?v=1754921965,7,"",,,,,,,,,,,,,,,,,,,,,,,,,,,,,,,,,,,,
confissoes-proibidas-1,,,,,,,,,,,,,,,,,,,,,,,,,,,,,,,https://cdn.shopify.com/s/files/1/0656/8620/8683/files/90ff36fd8e919c2039264268696f7425.png?v=1754921965,8,"",,,,,,,,,,,,,,,,,,,,,,,,,,,,,,,,,,,,
confissoes-proibidas-1,,,,,,,,,,,,,,,,,,,,,,,,,,,,,,,https://cdn.shopify.com/s/files/1/0656/8620/8683/files/2f75304732e53ebd47bdd1b6d787f850.png?v=1754921965,9,"",,,,,,,,,,,,,,,,,,,,,,,,,,,,,,,,,,,,
desconto-progressivo,Desconto Progressivo,"",Fast Bundle,Uncategorized,"",bundle,true,Title,Default Title,,,,,,,,5c17ee40-d648-46ff-80c8-a337226b0eda,0.0,,continue,manual,76.33,89.80,true,true,,,,,,https://cdn.shopify.com/s/files/1/0656/8620/8683/files/caixa-frente-amarela_629c4877-9af5-4d2f-910e-918a7e8990d8.png?v=1750277253,1,"",false,,,,,,,,,,,,,,,,,,,,,,,,,,,,,,,,kg,,,active
desconto-progressivo,,,,,,,,,,,,,,,,,,,,,,,,,,,,,,,https://cdn.shopify.com/s/files/1/0656/8620/8683/files/4_20aaad1e-e4ed-48ff-a300-0dfd51ff1d38.png?v=1750277254,2,"",,,,,,,,,,,,,,,,,,,,,,,,,,,,,,,,,,,,
desconto-progressivo,,,,,,,,,,,,,,,,,,,,,,,,,,,,,,,https://cdn.shopify.com/s/files/1/0656/8620/8683/files/95c7a743a165e7aa9a276131726cae93_b87ab742-0c36-497d-adc1-8413c18a5e87.png?v=1750277254,3,"",,,,,,,,,,,,,,,,,,,,,,,,,,,,,,,,,,,,
desconto-progressivo,,,,,,,,,,,,,,,,,,,,,,,,,,,,,,,https://cdn.shopify.com/s/files/1/0656/8620/8683/files/1_cc04f69c-ac31-44bd-99c9-024972aeac13.png?v=1750277253,4,"",,,,,,,,,,,,,,,,,,,,,,,,,,,,,,,,,,,,
desconto-progressivo,,,,,,,,,,,,,,,,,,,,,,,,,,,,,,,https://cdn.shopify.com/s/files/1/0656/8620/8683/files/1_a9414bdc-efc8-4c8b-ae2a-62f898051166.png?v=1750277253,5,"",,,,,,,,,,,,,,,,,,,,,,,,,,,,,,,,,,,,
desconto-progressivo,,,,,,,,,,,,,,,,,,,,,,,,,,,,,,,https://cdn.shopify.com/s/files/1/0656/8620/8683/files/angulada-frente-amarela_8219471a-e451-432a-bbbc-4a0c3794699c.png?v=1750277253,6,"",,,,,,,,,,,,,,,,,,,,,,,,,,,,,,,,,,,,
combo-diversao-em-familia,Combo Diversão em Família,"<p data-start=""208"" data-end=""442"">Se uma noite de jogos já é divertida, imagina três seguidas? Com o Combo Família Corneta, você garante os três jogos mais engraçados da linha e transforma qualquer reunião familiar em um evento memorável (e caótico no melhor sentido).</p>
<p data-start=""444"" data-end=""463"">O que vem no combo:</p>
<p>🤪 <strong data-start=""470"" data-end=""506"">TDAH – Tente Dizer Algo Hilário!</strong><br data-start=""506"" data-end=""509"">Crie frases absurdas, use e abuse do humor de quinta série e prove que você é o mais engraçado da rodada!</p>
<p>🎭 <strong data-start=""621"" data-end=""640"">Família em Ação</strong><br data-start=""640"" data-end=""643"">O jogo de mímica 7 em 1 que faz todo mundo rir, improvisar e passar vergonha com estilo!</p>
<p>🥊 <strong data-start=""738"" data-end=""756"">Pais vs Filhos</strong><br data-start=""756"" data-end=""759"">O duelo definitivo entre gerações: perguntas, desafios e prêmios como não lavar a louça nunca mais (se ganhar, claro).</p>",Corneta Jogos,Uncategorized,"",familia,true,Title,Default Title,,,,,,,,C1001,1800.0,shopify,continue,manual,389.90,449.70,true,false,,,,,Não aplica,https://cdn.shopify.com/s/files/1/0656/8620/8683/files/1_917878c9-f2f0-43f5-9704-3a75d2197531.png?v=1747072579,1,"",false,,,,,,,,,,,,,,,,,,,,,,,,,,,,,,,,kg,,,active
combo-diversao-em-familia,,,,,,,,,,,,,,,,,,,,,,,,,,,,,,,https://cdn.shopify.com/s/files/1/0656/8620/8683/files/beneficios.png?v=1747058660,2,"",,,,,,,,,,,,,,,,,,,,,,,,,,,,,,,,,,,,
combo-diversao-em-familia,,,,,,,,,,,,,,,,,,,,,,,,,,,,,,,https://cdn.shopify.com/s/files/1/0656/8620/8683/files/beneficios_059ae43e-5e05-4739-89f2-8384c7c1e8b1.png?v=1747072615,3,"",,,,,,,,,,,,,,,,,,,,,,,,,,,,,,,,,,,,
combo-diversao-em-familia,,,,,,,,,,,,,,,,,,,,,,,,,,,,,,,https://cdn.shopify.com/s/files/1/0656/8620/8683/files/beneficios_44b44433-1b12-4ce7-af0b-aa04525fde90.png?v=1747072615,4,"",,,,,,,,,,,,,,,,,,,,,,,,,,,,,,,,,,,,
combo-diversao-em-familia,,,,,,,,,,,,,,,,,,,,,,,,,,,,,,,https://cdn.shopify.com/s/files/1/0656/8620/8683/files/costas_117ac743-73ea-4025-a817-3f021b521430.png?v=1747072615,5,"",,,,,,,,,,,,,,,,,,,,,,,,,,,,,,,,,,,,
combo-diversao-em-familia,,,,,,,,,,,,,,,,,,,,,,,,,,,,,,,https://cdn.shopify.com/s/files/1/0656/8620/8683/files/costas_07d01230-10cc-49da-acb2-d0cad03a6106.png?v=1747072615,6,"",,,,,,,,,,,,,,,,,,,,,,,,,,,,,,,,,,,,
combo-diversao-em-familia,,,,,,,,,,,,,,,,,,,,,,,,,,,,,,,https://cdn.shopify.com/s/files/1/0656/8620/8683/files/costa.png?v=1747072615,7,"",,,,,,,,,,,,,,,,,,,,,,,,,,,,,,,,,,,,
pais-vs-filhos,Jogo Pais vs Filhos - O duelo de gerações mais divertido,"<p>ESTE JOGO NÃO É PARA OS FRACOS!<br>Se você acha que vai ganhar só porque é pai e sabe o que é VHS ou porque é filho e sabe fazer dancinha do TikTok… achou errado, parça!<br>Pais vs Filhos é pra quem quer brincar em família, rir até a barriga doer e, de quebra, decidir quem vai lavar a louça no domingo (ou passar vergonha no grupo da família).</p>
<p data-start=""108"" data-end=""194"">🥊 <strong data-start=""111"" data-end=""132"">Duelo de gerações</strong>: pais vs filhos em perguntas, desafios e tretas divertidas.</p>
<p data-start=""197"" data-end=""262"">😂 <strong data-start=""200"" data-end=""224"">Rende risadas épicas</strong> com referências de ontem e de hoje.</p>
<p data-start=""265"" data-end=""345"">🎯 <strong data-start=""268"" data-end=""323"">Perfeito pra descobrir quem realmente manda na casa</strong> (spoiler: ninguém).</p>
<p data-start=""348"" data-end=""439"">👨👩👧👦 <strong data-start=""360"" data-end=""389"">Jogaço pra toda a família</strong>, dos 8 aos 80 anos — e cada um com suas manias!</p>
<p data-start=""442"" data-end=""526"">💬 <strong data-start=""445"" data-end=""486"">Estreita laços com conversas hilárias</strong>, histórias inusitadas e muito zoeira.</p>
<p data-start=""529"" data-end=""599"">🧠 <strong data-start=""532"" data-end=""597"">Mistura cultura pop, conhecimentos aleatórios e criatividade.</strong></p>",Corneta Jogos,Uncategorized,"",familia,true,Title,Default Title,,,,,,,,'50002,560.0,shopify,continue,manual,104.90,139.90,true,false,,,,,'7898973480133,https://cdn.shopify.com/s/files/1/0656/8620/8683/files/angulada_5c86433c-993f-417d-8485-35a57ae65f74.png?v=1747069594,1,"",false,,,,,,,,,,,,,,BATALHA DE GERAÇÕES,Primário,O duelo de gerações mais engraçado da família,,,,,,,,,,,,,,,,kg,,22.68,active
pais-vs-filhos,,,,,,,,,,,,,,,,,,,,,,,,,,,,,,,https://cdn.shopify.com/s/files/1/0656/8620/8683/files/beneficios_44b44433-1b12-4ce7-af0b-aa04525fde90.png?v=1747072615,2,"",,,,,,,,,,,,,,,,,,,,,,,,,,,,,,,,,,,,
pais-vs-filhos,,,,,,,,,,,,,,,,,,,,,,,,,,,,,,,https://cdn.shopify.com/s/files/1/0656/8620/8683/files/costa.png?v=1747072615,3,"",,,,,,,,,,,,,,,,,,,,,,,,,,,,,,,,,,,,
familia-em-acao,"Jogo Família em Ação - 200 mímicas, 07 modos de jogo e muita diversão!","<p>🔥 O jogo de mímica 7 em 1 mais divertido para todas as idades!<br>Se você acha que sabe se expressar sem falar nada, está prestes a descobrir o contrário! Em Família em Ação, gestos malucos, caretas épicas e encenações sem noção fazem parte da disputa.<br>Prepare-se para rir, se jogar e ver sua família tentando adivinhar coisas absurdas sem a menor noção do que está acontecendo!</p>
<p data-start=""103"" data-end=""170"">🎭 <strong data-start=""106"" data-end=""140"">7 modos de mímica em 1 só jogo</strong> — diversão que nunca enjoa!</p>
<p data-start=""173"" data-end=""260"">🤪 <strong data-start=""176"" data-end=""221"">Desperta o lado mais engraçado da família</strong> com gestos malucos e caretas épicas.</p>
<p data-start=""263"" data-end=""339"">😂 <strong data-start=""266"" data-end=""302"">Garante risadas do início ao fim</strong>, mesmo quando ninguém acerta nada.</p>
<p data-start=""342"" data-end=""444"">👨👩👧👦 <strong data-start=""354"" data-end=""384"">Ideal para todas as idades</strong> — dos pequenos aos avós, todo mundo entra na brincadeira.</p>
<p data-start=""447"" data-end=""513"">🎉 <strong data-start=""450"" data-end=""511"">Perfeito para festas, férias ou aquele domingo sem graça.</strong></p>",Corneta Jogos,Uncategorized,"",familia,true,Title,Default Title,,,,,,,,'50003,560.0,shopify,continue,manual,104.90,139.90,true,false,,,,,'7898973480140,https://cdn.shopify.com/s/files/1/0656/8620/8683/files/angulada.png?v=1747067549,1,"",false,,,,,,,,,,,,,,,Preto,Mímicas divertidas pra todas as idades,,,,,,,,,,,,,,,,kg,,21.28,active
familia-em-acao,,,,,,,,,,,,,,,,,,,,,,,,,,,,,,,https://cdn.shopify.com/s/files/1/0656/8620/8683/files/beneficios_059ae43e-5e05-4739-89f2-8384c7c1e8b1.png?v=1747072615,2,"",,,,,,,,,,,,,,,,,,,,,,,,,,,,,,,,,,,,
familia-em-acao,,,,,,,,,,,,,,,,,,,,,,,,,,,,,,,https://cdn.shopify.com/s/files/1/0656/8620/8683/files/costas_07d01230-10cc-49da-acb2-d0cad03a6106.png?v=1747072615,3,"",,,,,,,,,,,,,,,,,,,,,,,,,,,,,,,,,,,,
tdah-tente-dizer-algo-hilario,TDAH (Tente Dizer Algo Hilário) - Prepare-se para rir das combinações mais improváveis,"<p><strong>TDAH - Tente Dizer Algo Hilário! </strong>Um jogo pra quem curte zoeira, aleatoriedades e muita risada! Crie frases absurdas, faça piada de quinta série e dispute o título para ser o mais engraçado da rodada. Fácil de jogar e ideal para famílias!</p>
<p data-end=""204"" data-start=""121"">🎉 <strong data-end=""146"" data-start=""124"">Diversão garantida</strong> para todas as idades — do tio do pavê ao primo do meme.</p>
<p data-end=""282"" data-start=""207"">😂 <strong data-end=""235"" data-start=""210"">Rende risadas sem fim</strong> com <strong>500 </strong>frases absurdas e humor de quinta série.</p>
<p data-end=""350"" data-start=""285"">🧠 <strong data-end=""315"" data-start=""288"">Estimula a criatividade</strong> e o improviso em quem participa.</p>
<p data-end=""419"" data-start=""353"">🏆 <strong data-end=""375"" data-start=""356"">Disputa hilária</strong>: quem faz a galera rir mais leva o ponto!</p>
<p data-end=""503"" data-start=""422"">👨👩👧👦 <strong data-end=""460"" data-start=""434"">Perfeito para famílias</strong>, festas e noites de jogos descontraídas.</p>",Corneta Jogos,Uncategorized,"",familia,true,Title,Default Title,,,,,,,,'50001,1100.0,shopify,continue,manual,141.90,189.90,true,false,,,,,'7898973480126,https://cdn.shopify.com/s/files/1/0656/8620/8683/files/Sem_Titulo-1_3cbd3ff8-6f85-4b36-8a0c-42a6d324c258.png?v=1747058660,1,"",false,,,,,,,,,,,,,,MAIS VENDIDO,Secundário,"Hilário, caótico e impossível de jogar sério",,,,,,,,,,,,,,,,kg,,37.78,active
tdah-tente-dizer-algo-hilario,,,,,,,,,,,,,,,,,,,,,,,,,,,,,,,https://cdn.shopify.com/s/files/1/0656/8620/8683/files/beneficios.png?v=1747058660,2,"",,,,,,,,,,,,,,,,,,,,,,,,,,,,,,,,,,,,
tdah-tente-dizer-algo-hilario,,,,,,,,,,,,,,,,,,,,,,,,,,,,,,,https://cdn.shopify.com/s/files/1/0656/8620/8683/files/costas_117ac743-73ea-4025-a817-3f021b521430.png?v=1747072615,3,"",,,,,,,,,,,,,,,,,,,,,,,,,,,,,,,,,,,,
combo-noite-da-fofoca,Combo Noite da Fofoca,"<p>O combo perfeito pra saber<span> segredos e fofoca com o nosso Combo Noite da Fofoca! Descubra segredos enquanto ri com os amigos e descubra tudo sobre todos 👀</span></p>
<p><strong>Contém:</strong></p>
<p>1x Noite das Garotas</p>
<p>1x Confissões Proibidas</p>
<p>1x Eu Nunca Zoação Deluxe</p>",Corneta Jogos,Uncategorized,combo,combo,true,Title,Default Title,,,,,,,,C1003,0.0,shopify,continue,manual,259.90,309.90,true,false,,,,,Não se aplica,https://cdn.shopify.com/s/files/1/0656/8620/8683/files/1_3201c912-8a04-430f-b9dd-f4653886aff1.png?v=1737633036,1,"",false,,,,,,,,,,,,,,,,,,,,,,,,,,,,,,,,kg,,,active
combo-noite-da-fofoca,,,,,,,,,,,,,,,,,,,,,,,,,,,,,,,https://cdn.shopify.com/s/files/1/0656/8620/8683/files/deitado-beneficios.png?v=1737633036,2,"",,,,,,,,,,,,,,,,,,,,,,,,,,,,,,,,,,,,
combo-noite-da-fofoca,,,,,,,,,,,,,,,,,,,,,,,,,,,,,,,https://cdn.shopify.com/s/files/1/0656/8620/8683/files/4_f15a39be-78a2-40f2-8a0c-bace5b54ee74.png?v=1756119749,3,"",,,,,,,,,,,,,,,,,,,,,,,,,,,,,,,,,,,,
combo-noite-da-fofoca,,,,,,,,,,,,,,,,,,,,,,,,,,,,,,,https://cdn.shopify.com/s/files/1/0656/8620/8683/files/1_953b7217-eef9-4653-9e5e-460406f15ad8.png?v=1756119749,4,"",,,,,,,,,,,,,,,,,,,,,,,,,,,,,,,,,,,,
combo-noite-da-fofoca,,,,,,,,,,,,,,,,,,,,,,,,,,,,,,,https://cdn.shopify.com/s/files/1/0656/8620/8683/files/Prancheta_1-3.png?v=1758821606,5,"",,,,,,,,,,,,,,,,,,,,,,,,,,,,,,,,,,,,
combo-noite-da-fofoca,,,,,,,,,,,,,,,,,,,,,,,,,,,,,,,https://cdn.shopify.com/s/files/1/0656/8620/8683/files/JHO_9612.jpg?v=1761563722,6,"",,,,,,,,,,,,,,,,,,,,,,,,,,,,,,,,,,,,
combo-noite-da-fofoca,,,,,,,,,,,,,,,,,,,,,,,,,,,,,,,https://cdn.shopify.com/s/files/1/0656/8620/8683/files/2_d189567c-6d3c-4143-8c56-51e03424c5d5.png?v=1754921965,7,"",,,,,,,,,,,,,,,,,,,,,,,,,,,,,,,,,,,,
combo-entre-amigas,"Combo Entre Amigas - Tudo o que vocês precisam pra rir, fofocar e se divertir","<p>Transforme qualquer encontro em uma noite inesquecível com o <strong>Combo Entre Amigas</strong>! Essa seleção especial de jogos é perfeita para criar memórias, arrancar gargalhadas e fortalecer os laços de amizade. Com atividades que vão de conversas profundas a desafios hilários, este combo é a desculpa perfeita para abrir uma garrafa, relaxar e curtir cada momento com suas melhores companheiras. Prepare-se para risos, histórias épicas e aquele clima único que só uma noite entre amigas pode proporcionar! 🍹💃✨</p>
<p> </p>
<p>Contém:</p>
<p>1x Noite das Garotas</p>
<p>1x Adultos em Ação</p>
<p>1x Sorriu, Bebeu!</p>",Corneta Jogos,Uncategorized,combo,combo,true,Title,Default Title,,,,,,,,C1004,700.0,shopify,continue,manual,309.90,399.90,true,false,,,,,Não se aplica,https://cdn.shopify.com/s/files/1/0656/8620/8683/files/SemTitulo-2_3608cf6c-96eb-4e53-a229-299bad5ff671.png?v=1733425452,1,"",false,,,,,,,,,,,,,,,,,,,,,,,,,,,,,,,,kg,,,active
combo-entre-amigas,,,,,,,,,,,,,,,,,,,,,,,,,,,,,,,https://cdn.shopify.com/s/files/1/0656/8620/8683/files/f_webp_q_90_s_1000x1000_https___checkout.soucorneta.com.br_wp-content_uploads_2024_04_6e3fc80b-fea1-4a45-ab8d-742dcb7124fe.webp?v=1756119749,2,"",,,,,,,,,,,,,,,,,,,,,,,,,,,,,,,,,,,,
combo-entre-amigas,,,,,,,,,,,,,,,,,,,,,,,,,,,,,,,https://cdn.shopify.com/s/files/1/0656/8620/8683/files/deitado-beneficios.png?v=1737633036,3,"",,,,,,,,,,,,,,,,,,,,,,,,,,,,,,,,,,,,
combo-entre-amigas,,,,,,,,,,,,,,,,,,,,,,,,,,,,,,,https://cdn.shopify.com/s/files/1/0656/8620/8683/files/Sem_Titulo-1.png?v=1733254146,4,"",,,,,,,,,,,,,,,,,,,,,,,,,,,,,,,,,,,,
combo-risada-sem-fim,Combo Risada sem Fim,"<p>O combo perfeito pra quem gosta de dar umas risadas e disputar desafios épicos com seus amigos 😛</p>
<p>Contém:</p>
<p>1x Adultos em Ação</p>
<p>1x Sorriu, Bebeu!</p>
<p>1x Errou, bebeu</p>
<p>1x Beer Pong</p>",Corneta Jogos,Uncategorized,combo,"combo, familia",true,Title,Default Title,,,,,,,,C1005,700.0,shopify,continue,manual,259.90,409.60,true,false,,,,,Não se aplica,https://cdn.shopify.com/s/files/1/0656/8620/8683/files/1_ff90aa21-c651-4eb9-ae0b-b7b9cfe75c6d.png?v=1733767020,1,"",false,,,,,,,,,,,,,,,,,,,,,,,,,,,,,,,,kg,,,active
combo-risada-sem-fim,,,,,,,,,,,,,,,,,,,,,,,,,,,,,,,https://cdn.shopify.com/s/files/1/0656/8620/8683/files/f_webp_q_90_s_1000x1000_https___checkout.soucorneta.com.br_wp-content_uploads_2024_04_6e3fc80b-fea1-4a45-ab8d-742dcb7124fe.webp?v=1756119749,2,"",,,,,,,,,,,,,,,,,,,,,,,,,,,,,,,,,,,,
combo-risada-sem-fim,,,,,,,,,,,,,,,,,,,,,,,,,,,,,,,https://cdn.shopify.com/s/files/1/0656/8620/8683/files/1_d2cfb7e0-2f37-4e6f-81de-3bf000f6889b.png?v=1756119749,3,"",,,,,,,,,,,,,,,,,,,,,,,,,,,,,,,,,,,,
combo-risada-sem-fim,,,,,,,,,,,,,,,,,,,,,,,,,,,,,,,https://cdn.shopify.com/s/files/1/0656/8620/8683/files/Sem_Titulo-1.png?v=1733254146,4,"",,,,,,,,,,,,,,,,,,,,,,,,,,,,,,,,,,,,
combo-risada-sem-fim,,,,,,,,,,,,,,,,,,,,,,,,,,,,,,,https://cdn.shopify.com/s/files/1/0656/8620/8683/files/95c7a743a165e7aa9a276131726cae93.png?v=1727380720,5,"",,,,,,,,,,,,,,,,,,,,,,,,,,,,,,,,,,,,
eu-nunca-malvadao-deluxe,Jogo Eu Nunca Malvadão Deluxe - O clássico Eu Nunca – versão ousada,"<p><span>Eu Nunca Malvadão é um jogo provocante e revelador, ideal para desvendar os segredos mais picantes e mexer com a imaginação <strong>agora com 150 cartas.</strong></span></p>
<p>🧊 <strong>Quebra o Gelo:</strong><span> </span>Ideal para iniciar festas e encontros, promovendo interação imediata entre todos.</p>
<p>🤪<span> </span><strong>Cria Intimidade:<span> </span></strong>Encoraja a partilha de histórias pessoais, aumentando a conexão entre os jogadores.</p>
<p>🤫<strong><span> </span>Revela Segredos:</strong><span> </span>Desvenda curiosidades e segredos, animando a roda com surpresas e risadas.</p>",Corneta Jogos,Uncategorized,"","",true,Title,Default Title,,,,,,,,'23001,480.0,shopify,continue,manual,104.90,139.90,true,false,,,,,'7898973480096,https://cdn.shopify.com/s/files/1/0656/8620/8683/files/frente-angulada.png?v=1759757688,1,"",false,,,,,,,,,,,,,,150 CARTAS,Primário,O clássico Eu Nunca em versão proibidona,,,,,,,,,,,,,,,,kg,,15.78,active
eu-nunca-malvadao-deluxe,,,,,,,,,,,,,,,,,,,,,,,,,,,,,,,https://cdn.shopify.com/s/files/1/0656/8620/8683/files/deitada.png?v=1730119742,2,"",,,,,,,,,,,,,,,,,,,,,,,,,,,,,,,,,,,,
eu-nunca-malvadao-deluxe,,,,,,,,,,,,,,,,,,,,,,,,,,,,,,,https://cdn.shopify.com/s/files/1/0656/8620/8683/files/6_1cca1e6a-02fc-4f86-a05b-651004d38021.png?v=1759757688,3,"",,,,,,,,,,,,,,,,,,,,,,,,,,,,,,,,,,,,
eu-nunca-malvadao-deluxe,,,,,,,,,,,,,,,,,,,,,,,,,,,,,,,https://cdn.shopify.com/s/files/1/0656/8620/8683/files/costas.png?v=1754922280,4,"",,,,,,,,,,,,,,,,,,,,,,,,,,,,,,,,,,,,
eu-nunca-malvadao-deluxe,,,,,,,,,,,,,,,,,,,,,,,,,,,,,,,https://cdn.shopify.com/s/files/1/0656/8620/8683/files/7_89c341b3-3317-4f29-bd10-a8e93eee0702.png?v=1754922280,5,"",,,,,,,,,,,,,,,,,,,,,,,,,,,,,,,,,,,,
eu-nunca-malvadao-deluxe,,,,,,,,,,,,,,,,,,,,,,,,,,,,,,,https://cdn.shopify.com/s/files/1/0656/8620/8683/files/4.webp?v=1754922280,6,"",,,,,,,,,,,,,,,,,,,,,,,,,,,,,,,,,,,,
eu-nunca-malvadao-deluxe,,,,,,,,,,,,,,,,,,,,,,,,,,,,,,,https://cdn.shopify.com/s/files/1/0656/8620/8683/files/5.webp?v=1754922280,7,"",,,,,,,,,,,,,,,,,,,,,,,,,,,,,,,,,,,,
eu-nunca-malvadao-deluxe,,,,,,,,,,,,,,,,,,,,,,,,,,,,,,,https://cdn.shopify.com/s/files/1/0656/8620/8683/files/3.webp?v=1754922280,8,"",,,,,,,,,,,,,,,,,,,,,,,,,,,,,,,,,,,,
combo-todos-nossos-jogos,Combo Todos nossos Jogos - A coleção completa Corneta em um só pacote,"<p>O combo da confusão! <strong>TODOS </strong>os nossos jogos num combo no precinho, ideal para fãs da marca e grupos de amigos que querem jogos pra qualquer ocasião: esquentas, festas, jantas, encontros e resenhas 🔥</p>
<p><strong>Contém:</strong></p>
<p>1x Politicamente Incorreto - <strong>NOVO</strong>🔥</p>
<p>1x Gosto é que nem... - <strong>NOVO🔥</strong> </p>
<p>1x Farra, Pinga, Truco, Torresmo, Churrasco - <strong>NOVO🔥</strong></p>
<p>1x Faz ou Bebe Original</p>
<p>1x Faz ou Bebe Pesadão</p>
<p>1x Faz ou Bebe Errou, Bebeu</p>
<p>1x Noite das Garotas</p>
<p>1x Adultos em Ação</p>
<p>1x Batalha Flip Cup</p>
<p>1x Beer Pong</p>
<p>1x Sorriu, bebeu!</p>
<p>1x Eu Nunca Malvadão Deluxe</p>
<p>1x Eu Nunca Zoação Deluxe</p>
<p>1x Confissões Proibidas</p>
<p><br></p>
<p> </p>",Corneta Jogos,Uncategorized,combo,"combo, high ticket",true,Title,Default Title,,,,,,,,C1006,1500.0,shopify,continue,manual,849.90,1228.90,true,false,,,,,Não se aplica,https://cdn.shopify.com/s/files/1/0656/8620/8683/files/4_bc5bfb3c-6f27-4b4c-a900-a1ba6bd990ee.png?v=1756119749,1,"",false,,,,,,,,,,,,,,,,,,,,,,,,,,,,,,,,kg,,,active
combo-todos-nossos-jogos,,,,,,,,,,,,,,,,,,,,,,,,,,,,,,,https://cdn.shopify.com/s/files/1/0656/8620/8683/files/1_97df3996-67c5-40e7-aeb3-94a90da4f3f8.png?v=1756119749,2,"",,,,,,,,,,,,,,,,,,,,,,,,,,,,,,,,,,,,
combo-todos-nossos-jogos,,,,,,,,,,,,,,,,,,,,,,,,,,,,,,,https://cdn.shopify.com/s/files/1/0656/8620/8683/files/1_3ac26584-534b-4ca9-8806-a6aff04d598c.png?v=1756119749,3,"",,,,,,,,,,,,,,,,,,,,,,,,,,,,,,,,,,,,
combo-todos-nossos-jogos,,,,,,,,,,,,,,,,,,,,,,,,,,,,,,,https://cdn.shopify.com/s/files/1/0656/8620/8683/files/1_8321026b-1f90-41ec-aef6-e9e0abb2a299.png?v=1756119749,4,"",,,,,,,,,,,,,,,,,,,,,,,,,,,,,,,,,,,,
combo-todos-nossos-jogos,,,,,,,,,,,,,,,,,,,,,,,,,,,,,,,https://cdn.shopify.com/s/files/1/0656/8620/8683/files/angulada-frente-amarela.png?v=1756119749,5,"",,,,,,,,,,,,,,,,,,,,,,,,,,,,,,,,,,,,
combo-todos-nossos-jogos,,,,,,,,,,,,,,,,,,,,,,,,,,,,,,,https://cdn.shopify.com/s/files/1/0656/8620/8683/files/1.webp?v=1756119749,6,"",,,,,,,,,,,,,,,,,,,,,,,,,,,,,,,,,,,,
combo-todos-nossos-jogos,,,,,,,,,,,,,,,,,,,,,,,,,,,,,,,https://cdn.shopify.com/s/files/1/0656/8620/8683/files/1_d2cfb7e0-2f37-4e6f-81de-3bf000f6889b.png?v=1756119749,7,"",,,,,,,,,,,,,,,,,,,,,,,,,,,,,,,,,,,,
combo-todos-nossos-jogos,,,,,,,,,,,,,,,,,,,,,,,,,,,,,,,https://cdn.shopify.com/s/files/1/0656/8620/8683/files/frente-amarela.png?v=1758821606,8,"",,,,,,,,,,,,,,,,,,,,,,,,,,,,,,,,,,,,
combo-todos-nossos-jogos,,,,,,,,,,,,,,,,,,,,,,,,,,,,,,,https://cdn.shopify.com/s/files/1/0656/8620/8683/files/frente-angulada.png?v=1759757688,9,"",,,,,,,,,,,,,,,,,,,,,,,,,,,,,,,,,,,,
combo-todos-nossos-jogos,,,,,,,,,,,,,,,,,,,,,,,,,,,,,,,https://cdn.shopify.com/s/files/1/0656/8620/8683/files/f_webp_q_90_s_1000x1000_https___checkout.soucorneta.com.br_wp-content_uploads_2024_04_6e3fc80b-fea1-4a45-ab8d-742dcb7124fe.webp?v=1756119749,10,"",,,,,,,,,,,,,,,,,,,,,,,,,,,,,,,,,,,,
combo-todos-nossos-jogos,,,,,,,,,,,,,,,,,,,,,,,,,,,,,,,https://cdn.shopify.com/s/files/1/0656/8620/8683/files/4.png?v=1756119749,11,"",,,,,,,,,,,,,,,,,,,,,,,,,,,,,,,,,,,,
combo-todos-nossos-jogos,,,,,,,,,,,,,,,,,,,,,,,,,,,,,,,https://cdn.shopify.com/s/files/1/0656/8620/8683/files/1.png?v=1756119749,12,"",,,,,,,,,,,,,,,,,,,,,,,,,,,,,,,,,,,,
combo-todos-nossos-jogos,,,,,,,,,,,,,,,,,,,,,,,,,,,,,,,https://cdn.shopify.com/s/files/1/0656/8620/8683/files/1_eccd31c3-a70b-4361-bd0a-979bddbc073f.png?v=1756119749,13,"",,,,,,,,,,,,,,,,,,,,,,,,,,,,,,,,,,,,
combo-todos-nossos-jogos,,,,,,,,,,,,,,,,,,,,,,,,,,,,,,,https://cdn.shopify.com/s/files/1/0656/8620/8683/files/4_f15a39be-78a2-40f2-8a0c-bace5b54ee74.png?v=1756119749,14,"",,,,,,,,,,,,,,,,,,,,,,,,,,,,,,,,,,,,
combo-todos-nossos-jogos,,,,,,,,,,,,,,,,,,,,,,,,,,,,,,,https://cdn.shopify.com/s/files/1/0656/8620/8683/files/1_953b7217-eef9-4653-9e5e-460406f15ad8.png?v=1756119749,15,"",,,,,,,,,,,,,,,,,,,,,,,,,,,,,,,,,,,,
camiseta-se-quiser-me-beijar,Camiseta Se quiser me beijar,"<div class=""prose order-3 md:order-2"">
<p>A camiseta perfeita para você que não chega em ninguém no rolê… 😝</p>
<p>🎉<span> </span><strong>A MELHOR CAMISETA PRO CARNAVAL</strong><br>É lerdo(a)? Nunca chega em ninguém? Essa é sua oportunidade de ficar parado e beijar alguém</p>
<p>👕 <strong>DETALHES DO PRODUTO</strong></p>
<ul>
<li>Caimento padrão para uma sensação de conforto e descontração</li>
<li>Tecido: 100% algodão 30.1</li>
<li>Lavagem à máquina</li>
</ul>
</div>
<div id=""variations"" class=""flex flex-col gap-4 -order-1 md:order-2"">
<div><br></div>
</div>",Corneta Jogos,Apparel & Accessories > Clothing > Clothing Tops > T-Shirts,"","",true,Cor,white,product.metafields.shopify.color-pattern,Tamanho,s,product.metafields.shopify.size,,,,"",300.0,shopify,deny,manual,89.90,,true,true,,,,,"",https://cdn.shopify.com/s/files/1/0656/8620/8683/files/mockup-costas-full-branco-1x1.png?v=1728905055,1,"",false,,,212,,adult,,,,,,,,,,,,,,,,adults,white; black,s; m; l; xl,short,unisex,medium,,,,,https://cdn.shopify.com/s/files/1/0656/8620/8683/files/mockup-costas-close-branco-1x1_6028c409-9afc-4f8e-82b8-302357af1ab3.png?v=1728905188,kg,,,active
camiseta-se-quiser-me-beijar,,,,,,,,,white,,,m,,,,,"",300.0,shopify,deny,manual,89.90,,true,true,,,,,"",https://cdn.shopify.com/s/files/1/0656/8620/8683/files/mockup-frente-close-branca-1x1.png?v=1728905055,2,"",,,,,,,,,,,,,,,,,,,,,,,,,,,,,,,,https://cdn.shopify.com/s/files/1/0656/8620/8683/files/mockup-costas-close-branco-1x1_6028c409-9afc-4f8e-82b8-302357af1ab3.png?v=1728905188,kg,,,
camiseta-se-quiser-me-beijar,,,,,,,,,white,,,l,,,,,"",300.0,shopify,deny,manual,89.90,,true,true,,,,,"",https://cdn.shopify.com/s/files/1/0656/8620/8683/files/mockup-frente-full-branca-1x1.png?v=1728905055,3,"",,,,,,,,,,,,,,,,,,,,,,,,,,,,,,,,https://cdn.shopify.com/s/files/1/0656/8620/8683/files/mockup-costas-close-branco-1x1_6028c409-9afc-4f8e-82b8-302357af1ab3.png?v=1728905188,kg,,,
camiseta-se-quiser-me-beijar,,,,,,,,,white,,,xl,,,,,"",300.0,shopify,deny,manual,89.90,,true,true,,,,,"",https://cdn.shopify.com/s/files/1/0656/8620/8683/files/mockup-costas-close-branco-1x1_6028c409-9afc-4f8e-82b8-302357af1ab3.png?v=1728905188,4,"",,,,,,,,,,,,,,,,,,,,,,,,,,,,,,,,https://cdn.shopify.com/s/files/1/0656/8620/8683/files/mockup-costas-close-branco-1x1_6028c409-9afc-4f8e-82b8-302357af1ab3.png?v=1728905188,kg,,,
camiseta-se-quiser-me-beijar,,,,,,,,,black,,,s,,,,,"",300.0,shopify,deny,manual,89.90,,true,true,,,,,"",https://cdn.shopify.com/s/files/1/0656/8620/8683/files/mockup-costas-close-1x1.png?v=1728905156,5,"",,,,,,,,,,,,,,,,,,,,,,,,,,,,,,,,https://cdn.shopify.com/s/files/1/0656/8620/8683/files/mockup-costas-close-1x1.png?v=1728905156,kg,,,
camiseta-se-quiser-me-beijar,,,,,,,,,black,,,m,,,,,"",300.0,shopify,deny,manual,89.90,,true,true,,,,,"",https://cdn.shopify.com/s/files/1/0656/8620/8683/files/mockup-frente-full-1x1.png?v=1728905156,6,"",,,,,,,,,,,,,,,,,,,,,,,,,,,,,,,,https://cdn.shopify.com/s/files/1/0656/8620/8683/files/mockup-costas-close-1x1.png?v=1728905156,kg,,,
camiseta-se-quiser-me-beijar,,,,,,,,,black,,,l,,,,,"",300.0,shopify,deny,manual,89.90,,true,true,,,,,"",https://cdn.shopify.com/s/files/1/0656/8620/8683/files/mockup-costas-full-1x1.png?v=1728905155,7,"",,,,,,,,,,,,,,,,,,,,,,,,,,,,,,,,https://cdn.shopify.com/s/files/1/0656/8620/8683/files/mockup-costas-close-1x1.png?v=1728905156,kg,,,
camiseta-se-quiser-me-beijar,,,,,,,,,black,,,xl,,,,,"",300.0,shopify,deny,manual,89.90,,true,true,,,,,"",https://cdn.shopify.com/s/files/1/0656/8620/8683/files/mockup-frente-close-1x1.png?v=1728905156,8,"",,,,,,,,,,,,,,,,,,,,,,,,,,,,,,,,https://cdn.shopify.com/s/files/1/0656/8620/8683/files/mockup-costas-close-1x1.png?v=1728905156,kg,,,
combo-buteco,Combo Buteco,"<p>O combo perfeito pra galera que adora levantar um copo, perfeito para jogar em bares, esquentas e festas universitárias</p>
<p>🤣<strong>Momentos Divertidos:</strong> Não seja o perdedor da rodada, acertando o flip do copo antes dos amigos.</p>
<p>🎉<strong>Interação Intensa:</strong> Promove competição acirrada e muita interação entre os jogadores.</p>
<p>💥<strong>Momentos de Adrenalina:</strong> Sinta a adrenalina ao acertar o flip do copo e vencer a rodada</p>
<p>Contém:</p>
<p>1x Batalha Flip Cup</p>
<p>1x Beerpong</p>",Corneta Jogos,Uncategorized,combo,combo,true,Title,Default Title,,,,,,,,C1007,200.0,shopify,continue,manual,109.90,159.90,true,false,,,,,Não se aplica,https://cdn.shopify.com/s/files/1/0656/8620/8683/files/caixa.png?v=1728564391,1,"",false,,,,,,,,,,,,,,,,,,,,,,,,,,,,,,,,kg,,,active
combo-buteco,,,,,,,,,,,,,,,,,,,,,,,,,,,,,,,https://cdn.shopify.com/s/files/1/0656/8620/8683/files/6.png?v=1727380453,2,"",,,,,,,,,,,,,,,,,,,,,,,,,,,,,,,,,,,,
combo-buteco,,,,,,,,,,,,,,,,,,,,,,,,,,,,,,,https://cdn.shopify.com/s/files/1/0656/8620/8683/files/2.png?v=1727380682,3,"",,,,,,,,,,,,,,,,,,,,,,,,,,,,,,,,,,,,
combo-buteco,,,,,,,,,,,,,,,,,,,,,,,,,,,,,,,https://cdn.shopify.com/s/files/1/0656/8620/8683/files/9.webp?v=1727380521,4,"",,,,,,,,,,,,,,,,,,,,,,,,,,,,,,,,,,,,
combo-zoeira-infinita,Combo Zoeira Infinita,"<p>O combo perfeito pra quem gosta de dar umas risadas e ver seus amigos fazerem coisas inimagináveis 😛</p>
<p><strong>Contém:</strong></p>
<p>1x Adultos em Ação</p>
<p>1x Eu Nunca Zoação Deluxe</p>
<p>1x Sorriu, Bebeu!</p>
<p>1x Confissões Proibídas</p>",Corneta Jogos,Uncategorized,combo,"combo, high ticket",true,Title,Default Title,,,,,,,,C1009,0.0,shopify,continue,manual,279.90,359.60,true,false,,,,,Não se aplica,https://cdn.shopify.com/s/files/1/0656/8620/8683/files/1-nova.png?v=1736369971,1,"",false,,,,,,,,,,,,,,,,,,,,,,,,,,,,,,,,kg,,,active
combo-zoeira-infinita,,,,,,,,,,,,,,,,,,,,,,,,,,,,,,,https://cdn.shopify.com/s/files/1/0656/8620/8683/files/5_858bf48c-c09a-4b8a-b453-8a1786616a42.webp?v=1736369971,2,"",,,,,,,,,,,,,,,,,,,,,,,,,,,,,,,,,,,,
combo-zoeira-infinita,,,,,,,,,,,,,,,,,,,,,,,,,,,,,,,https://cdn.shopify.com/s/files/1/0656/8620/8683/files/4_f15a39be-78a2-40f2-8a0c-bace5b54ee74.png?v=1756119749,3,"",,,,,,,,,,,,,,,,,,,,,,,,,,,,,,,,,,,,
combo-zoeira-infinita,,,,,,,,,,,,,,,,,,,,,,,,,,,,,,,https://cdn.shopify.com/s/files/1/0656/8620/8683/files/1_953b7217-eef9-4653-9e5e-460406f15ad8.png?v=1756119749,4,"",,,,,,,,,,,,,,,,,,,,,,,,,,,,,,,,,,,,
combo-zoeira-infinita,,,,,,,,,,,,,,,,,,,,,,,,,,,,,,,https://cdn.shopify.com/s/files/1/0656/8620/8683/files/1_eccd31c3-a70b-4361-bd0a-979bddbc073f.png?v=1756119749,5,"",,,,,,,,,,,,,,,,,,,,,,,,,,,,,,,,,,,,
combo-zoeira-infinita,,,,,,,,,,,,,,,,,,,,,,,,,,,,,,,https://cdn.shopify.com/s/files/1/0656/8620/8683/files/JHO_9612.jpg?v=1761563722,6,"",,,,,,,,,,,,,,,,,,,,,,,,,,,,,,,,,,,,
combo-zoeira-infinita,,,,,,,,,,,,,,,,,,,,,,,,,,,,,,,https://cdn.shopify.com/s/files/1/0656/8620/8683/files/2_d189567c-6d3c-4143-8c56-51e03424c5d5.png?v=1754921965,7,"",,,,,,,,,,,,,,,,,,,,,,,,,,,,,,,,,,,,
combo-zoeira-infinita,,,,,,,,,,,,,,,,,,,,,,,,,,,,,,,https://cdn.shopify.com/s/files/1/0656/8620/8683/files/6_0493133c-941c-45d1-b8a7-80a876834447.png?v=1754923043,8,"",,,,,,,,,,,,,,,,,,,,,,,,,,,,,,,,,,,,
combo-solteiro-premium,Combo Solteiro Premium,"<div class=""prose order-3 md:order-2"">
<p>O combo perfeito pros solteiros que querem uma noite épica e ousada com a galera 😈</p>
<p>Contém:</p>
<p>1x Faz ou Bebe Original</p>
<p>1x Faz ou Bebe Pesadão</p>
<p>1x Eu Nunca Malvadão Deluxe</p>
</div>
<div class=""flex w-full flex-col order-4""><br></div>",Corneta Jogos,Arts & Entertainment > Party & Celebration > Party Supplies > Drinking Games,combo,combo,true,Title,Default Title,,,,,,,,C1010,0.0,shopify,continue,manual,249.90,347.90,true,false,,,,,Não se aplica,https://cdn.shopify.com/s/files/1/0656/8620/8683/files/caixa-nova_308c6a07-59bc-4742-9897-817be4261b64.png?v=1730982379,1,"",false,,,,,,,,,,,,,,,,,,,,,,,,,,,,,,,,kg,,,active
combo-solteiro-premium,,,,,,,,,,,,,,,,,,,,,,,,,,,,,,,https://cdn.shopify.com/s/files/1/0656/8620/8683/files/angulada-frente-amarela.png?v=1756119749,2,"",,,,,,,,,,,,,,,,,,,,,,,,,,,,,,,,,,,,
combo-solteiro-premium,,,,,,,,,,,,,,,,,,,,,,,,,,,,,,,https://cdn.shopify.com/s/files/1/0656/8620/8683/files/frente-angulada.png?v=1759757688,3,"",,,,,,,,,,,,,,,,,,,,,,,,,,,,,,,,,,,,
combo-solteiro-premium,,,,,,,,,,,,,,,,,,,,,,,,,,,,,,,https://cdn.shopify.com/s/files/1/0656/8620/8683/files/1.webp?v=1756119749,4,"",,,,,,,,,,,,,,,,,,,,,,,,,,,,,,,,,,,,
combo-solteiro-premium,,,,,,,,,,,,,,,,,,,,,,,,,,,,,,,https://cdn.shopify.com/s/files/1/0656/8620/8683/files/5.webp?v=1754922280,5,"",,,,,,,,,,,,,,,,,,,,,,,,,,,,,,,,,,,,
combo-solteiro-premium,,,,,,,,,,,,,,,,,,,,,,,,,,,,,,,https://cdn.shopify.com/s/files/1/0656/8620/8683/files/4.webp?v=1754922280,6,"",,,,,,,,,,,,,,,,,,,,,,,,,,,,,,,,,,,,
combo-solteiro-premium,,,,,,,,,,,,,,,,,,,,,,,,,,,,,,,https://cdn.shopify.com/s/files/1/0656/8620/8683/files/6_948bb57c-ac4b-4c78-9524-578f1d79e945.webp?v=1754922829,7,"",,,,,,,,,,,,,,,,,,,,,,,,,,,,,,,,,,,,
combo-solteiro-premium,,,,,,,,,,,,,,,,,,,,,,,,,,,,,,,https://cdn.shopify.com/s/files/1/0656/8620/8683/files/5_1c8a2e2d-4f77-4b15-9b71-f25f096c5ead.webp?v=1754922829,8,"",,,,,,,,,,,,,,,,,,,,,,,,,,,,,,,,,,,,
combo-solteiro-premium,,,,,,,,,,,,,,,,,,,,,,,,,,,,,,,https://cdn.shopify.com/s/files/1/0656/8620/8683/files/9_4a6c8548-9247-43a9-9c7b-9f93ad058448.webp?v=1727382208,9,"",,,,,,,,,,,,,,,,,,,,,,,,,,,,,,,,,,,,
combo-solteiro-premium,,,,,,,,,,,,,,,,,,,,,,,,,,,,,,,https://cdn.shopify.com/s/files/1/0656/8620/8683/files/10_b8d666a3-4f6f-46b2-9a50-b4a00f618ce4.webp?v=1727382208,10,"",,,,,,,,,,,,,,,,,,,,,,,,,,,,,,,,,,,,
combo-inimigos-do-fim,Combo Inimigos do Fim,"<p>O combo dos clássicos da Corneta, feito pro grupo de amigos que não sabe a hora de parar 😜</p>
<p><strong>Contém:</strong></p>
<p>1x Faz ou Bebe Original (200 cartas)</p>
<p>1x Eu Nunca Malvadão (150 cartas)</p>
<p> </p>",Corneta Jogos,Arts & Entertainment > Party & Celebration > Party Supplies > Drinking Games,combo,combo,true,Title,Default Title,,,,,,,,C1011,0.0,shopify,continue,manual,219.90,309.90,true,false,,,,,Não se aplica,https://cdn.shopify.com/s/files/1/0656/8620/8683/files/FOTO_bf00352a-9081-4804-a516-973aa02e9614.png?v=1732802025,1,"",false,,,,,,,,,,,,,,,,,,,,,,,,,,,,,,,,kg,,,active
combo-inimigos-do-fim,,,,,,,,,,,,,,,,,,,,,,,,,,,,,,,https://cdn.shopify.com/s/files/1/0656/8620/8683/files/angulada-frente-amarela.png?v=1756119749,2,"",,,,,,,,,,,,,,,,,,,,,,,,,,,,,,,,,,,,
combo-inimigos-do-fim,,,,,,,,,,,,,,,,,,,,,,,,,,,,,,,https://cdn.shopify.com/s/files/1/0656/8620/8683/files/expl.png?v=1730120889,3,"",,,,,,,,,,,,,,,,,,,,,,,,,,,,,,,,,,,,
combo-inimigos-do-fim,,,,,,,,,,,,,,,,,,,,,,,,,,,,,,,https://cdn.shopify.com/s/files/1/0656/8620/8683/files/10_b8d666a3-4f6f-46b2-9a50-b4a00f618ce4.webp?v=1727382208,4,"",,,,,,,,,,,,,,,,,,,,,,,,,,,,,,,,,,,,
combo-inimigos-do-fim,,,,,,,,,,,,,,,,,,,,,,,,,,,,,,,https://cdn.shopify.com/s/files/1/0656/8620/8683/files/9_4a6c8548-9247-43a9-9c7b-9f93ad058448.webp?v=1727382208,5,"",,,,,,,,,,,,,,,,,,,,,,,,,,,,,,,,,,,,
combo-inimigos-do-fim,,,,,,,,,,,,,,,,,,,,,,,,,,,,,,,https://cdn.shopify.com/s/files/1/0656/8620/8683/files/5.webp?v=1754922280,6,"",,,,,,,,,,,,,,,,,,,,,,,,,,,,,,,,,,,,
combo-inimigos-do-fim,,,,,,,,,,,,,,,,,,,,,,,,,,,,,,,https://cdn.shopify.com/s/files/1/0656/8620/8683/files/3.webp?v=1754922280,7,"",,,,,,,,,,,,,,,,,,,,,,,,,,,,,,,,,,,,
combo-inimigos-do-fim,,,,,,,,,,,,,,,,,,,,,,,,,,,,,,,https://cdn.shopify.com/s/files/1/0656/8620/8683/files/4.webp?v=1754922280,8,"",,,,,,,,,,,,,,,,,,,,,,,,,,,,,,,,,,,,
combo-faz-ou-bebe-infinito,Combo Faz ou Bebe Infinito,"<p><span>Combo Faz ou Bebe Original + Expansão Errou, Bebeu + Expansão Pesadão – O match perfeito pro seu grupo de amigos apocalípticos 😉</span></p>
<p><strong>Contém:</strong></p>
<p>1x Faz ou Bebe Original</p>
<p>1x Faz ou Bebe Pesadão</p>
<p>1x Faz ou Bebe Errou, Bebeu</p>",Corneta Jogos,Arts & Entertainment > Party & Celebration > Party Supplies > Drinking Games,combo,combo,true,Title,Default Title,,,,,,,,C1012,0.0,shopify,continue,manual,219.90,299.90,true,false,,,,,Não se aplica,https://cdn.shopify.com/s/files/1/0656/8620/8683/files/caixa-nova.png?v=1730982278,1,"",false,,,,,,,,,,,,,,,,,,,,,,,,,,,,,,,,kg,,,active
combo-faz-ou-bebe-infinito,,,,,,,,,,,,,,,,,,,,,,,,,,,,,,,https://cdn.shopify.com/s/files/1/0656/8620/8683/files/angulada-frente-amarela.png?v=1756119749,2,"",,,,,,,,,,,,,,,,,,,,,,,,,,,,,,,,,,,,
combo-faz-ou-bebe-infinito,,,,,,,,,,,,,,,,,,,,,,,,,,,,,,,https://cdn.shopify.com/s/files/1/0656/8620/8683/files/1.webp?v=1756119749,3,"",,,,,,,,,,,,,,,,,,,,,,,,,,,,,,,,,,,,
combo-faz-ou-bebe-infinito,,,,,,,,,,,,,,,,,,,,,,,,,,,,,,,https://cdn.shopify.com/s/files/1/0656/8620/8683/files/1_d2cfb7e0-2f37-4e6f-81de-3bf000f6889b.png?v=1756119749,4,"",,,,,,,,,,,,,,,,,,,,,,,,,,,,,,,,,,,,
combo-faz-ou-bebe-infinito,,,,,,,,,,,,,,,,,,,,,,,,,,,,,,,https://cdn.shopify.com/s/files/1/0656/8620/8683/files/5_1c8a2e2d-4f77-4b15-9b71-f25f096c5ead.webp?v=1754922829,5,"",,,,,,,,,,,,,,,,,,,,,,,,,,,,,,,,,,,,
combo-faz-ou-bebe-infinito,,,,,,,,,,,,,,,,,,,,,,,,,,,,,,,https://cdn.shopify.com/s/files/1/0656/8620/8683/files/7_b7712da8-0650-4f93-87e7-f900f733790d.png?v=1754922916,6,"",,,,,,,,,,,,,,,,,,,,,,,,,,,,,,,,,,,,
adultos-em-acao,Adultos em Ação - 200 mímicas para você rir sem parar,"<p><span class=""NormalTextRun SCXW5049600 BCX0"">🎭 <strong>Diversão infinita:</strong> Adultos em Ação é um emocionante jogo de cartas dividido em equipes, onde cada jogador tem o</span><span class=""NormalTextRun SCXW5049600 BCX0""><span> </span>desafio de<span> </span></span><span class=""NormalTextRun SCXW5049600 BCX0"">fazer mímica<span> </span></span><span class=""NormalTextRun SCXW5049600 BCX0"">sem usar palavras ou objetos</span></p>
<p><span class=""TextRun SCXW250839569 BCX0"" lang=""PT-BR"" data-contrast=""auto"" xml:lang=""PT-BR""><span class=""NormalTextRun SCXW250839569 BCX0"">🎉 <strong>Risadas e Conexão:</strong> Perfeito para quebrar o gelo e unir as pessoas, este jogo garante uma noite cheia de energia e amizade.”</span></span></p>
<p><span class=""TextRun SCXW124255176 BCX0"" lang=""PT-BR"" data-contrast=""auto"" xml:lang=""PT-BR""><span class=""NormalTextRun SCXW124255176 BCX0"">✨<strong>Perfeito para Qualquer Ocasião:</strong> Seja uma festa de aniversário, um encontro casual ou uma reunião de família, Adultos em Ação é a escolha certa para animar<span> </span></span><span class=""NormalTextRun SCXW124255176 BCX0"">seus momentos de lazer</span><span class=""NormalTextRun SCXW124255176 BCX0"">.</span></span></p>",Corneta Jogos,Arts & Entertainment > Party & Celebration > Party Supplies > Party Games,"","familia, festa, high ticket",true,Title,Default Title,,,,,,,,'19001,480.0,shopify,continue,manual,169.90,,true,false,,,,,'7898973480065,https://cdn.shopify.com/s/files/1/0656/8620/8683/files/f_webp_q_90_s_1000x1000_https___checkout.soucorneta.com.br_wp-content_uploads_2024_04_6e3fc80b-fea1-4a45-ab8d-742dcb7124fe.webp?v=1756119749,1,"",false,,,,,,,,,,,,,,MAIS VENDIDO🔥,Preto,O único jogo de mímica +18 do Brasil,,,,,,,,,,,,,,,,kg,,15.91,active
adultos-em-acao,,,,,,,,,,,,,,,,,,,,,,,,,,,,,,,https://cdn.shopify.com/s/files/1/0656/8620/8683/files/5_858bf48c-c09a-4b8a-b453-8a1786616a42.webp?v=1736369971,2,"",,,,,,,,,,,,,,,,,,,,,,,,,,,,,,,,,,,,
adultos-em-acao,,,,,,,,,,,,,,,,,,,,,,,,,,,,,,,https://cdn.shopify.com/s/files/1/0656/8620/8683/files/8_b6f67032-5889-4153-8c3f-41b6f5a68f84.png?v=1754922762,3,"",,,,,,,,,,,,,,,,,,,,,,,,,,,,,,,,,,,,
adultos-em-acao,,,,,,,,,,,,,,,,,,,,,,,,,,,,,,,https://cdn.shopify.com/s/files/1/0656/8620/8683/files/2_f9a1f41c-7c25-4e67-8832-0dea8e539d77.png?v=1754922762,4,"",,,,,,,,,,,,,,,,,,,,,,,,,,,,,,,,,,,,
adultos-em-acao,,,,,,,,,,,,,,,,,,,,,,,,,,,,,,,https://cdn.shopify.com/s/files/1/0656/8620/8683/files/10_a556d0bb-5a72-4b2a-8fa0-5f12c261cff2.png?v=1754922762,5,"",,,,,,,,,,,,,,,,,,,,,,,,,,,,,,,,,,,,
adultos-em-acao,,,,,,,,,,,,,,,,,,,,,,,,,,,,,,,https://cdn.shopify.com/s/files/1/0656/8620/8683/files/10_d05595c6-2421-42d3-93ce-bf91c7dbb7da.webp?v=1754922762,6,"",,,,,,,,,,,,,,,,,,,,,,,,,,,,,,,,,,,,
adultos-em-acao,,,,,,,,,,,,,,,,,,,,,,,,,,,,,,,https://cdn.shopify.com/s/files/1/0656/8620/8683/files/6_969abe76-493c-4acb-9094-6e59e31e799d.webp?v=1754922762,7,"",,,,,,,,,,,,,,,,,,,,,,,,,,,,,,,,,,,,
adultos-em-acao,,,,,,,,,,,,,,,,,,,,,,,,,,,,,,,https://cdn.shopify.com/s/files/1/0656/8620/8683/files/7_f03b1b53-65e9-4b62-9d8e-f6163dca46df.webp?v=1754922762,8,"",,,,,,,,,,,,,,,,,,,,,,,,,,,,,,,,,,,,
adultos-em-acao,,,,,,,,,,,,,,,,,,,,,,,,,,,,,,,https://cdn.shopify.com/s/files/1/0656/8620/8683/files/8_1c988753-f9cf-481d-b372-4a3b4279c25f.webp?v=1754922762,9,"",,,,,,,,,,,,,,,,,,,,,,,,,,,,,,,,,,,,
adultos-em-acao,,,,,,,,,,,,,,,,,,,,,,,,,,,,,,,https://cdn.shopify.com/s/files/1/0656/8620/8683/files/9_4fb03ca0-5836-4c19-a9d5-11abeff917fc.webp?v=1754922762,10,"",,,,,,,,,,,,,,,,,,,,,,,,,,,,,,,,,,,,
jogo-faz-ou-bebe-errou-bebeu,Jogo Faz ou Bebe Errou Bebeu,"<p><span>Uma pergunta, 4 possibilidades e apenas 1 resposta correta! Faz ou Bebe Errou, Bebeu, 100 novas cartas para o conjunto básico do Faz ou Bebe Original.</span></p>
<p>😆<strong> Diversão garantida: </strong>Perguntas hilárias e desafios inesperados que vão garantir risadas e diversão a noite toda.</p>
<p>📸 <strong>Momentos inesquecíveis: </strong>Capture momentos hilários e compartilhe as histórias por muito tempo depois que o jogo terminar.</p>
<p>🍻 <strong>Noites memoráveis: </strong>Crie memórias inesquecíveis com desafios que vão tornar cada jogo único e especial.</p>
<div class=""text-center"" data-v-4645d452=""""></div>",Corneta Jogos,Arts & Entertainment > Party & Celebration > Party Supplies > Drinking Games,"","drinking, festa",true,Title,Default Title,,,,,,,,'10005,160.0,shopify,continue,manual,79.90,,true,false,,,,,'7898973480010,https://cdn.shopify.com/s/files/1/0656/8620/8683/files/1_f6e67ba2-8b15-40a7-b8cb-001e9b699090.png?v=1732038435,1,"",false,,,,,,,,,,,,,,,,Errou a resposta? Bebe na hora,,,,,,,,,,,,,,,,kg,,11.94,active
jogo-faz-ou-bebe-errou-bebeu,,,,,,,,,,,,,,,,,,,,,,,,,,,,,,,https://cdn.shopify.com/s/files/1/0656/8620/8683/files/8.png?v=1727382308,2,"",,,,,,,,,,,,,,,,,,,,,,,,,,,,,,,,,,,,
jogo-faz-ou-bebe-errou-bebeu,,,,,,,,,,,,,,,,,,,,,,,,,,,,,,,https://cdn.shopify.com/s/files/1/0656/8620/8683/files/10.png?v=1754922916,3,"",,,,,,,,,,,,,,,,,,,,,,,,,,,,,,,,,,,,
jogo-faz-ou-bebe-errou-bebeu,,,,,,,,,,,,,,,,,,,,,,,,,,,,,,,https://cdn.shopify.com/s/files/1/0656/8620/8683/files/3_ce4449d8-c92b-4a58-b0bd-1bd17eff9f9e.png?v=1754922916,4,"",,,,,,,,,,,,,,,,,,,,,,,,,,,,,,,,,,,,
jogo-faz-ou-bebe-errou-bebeu,,,,,,,,,,,,,,,,,,,,,,,,,,,,,,,https://cdn.shopify.com/s/files/1/0656/8620/8683/files/5.png?v=1754922916,5,"",,,,,,,,,,,,,,,,,,,,,,,,,,,,,,,,,,,,
jogo-faz-ou-bebe-errou-bebeu,,,,,,,,,,,,,,,,,,,,,,,,,,,,,,,https://cdn.shopify.com/s/files/1/0656/8620/8683/files/6_ac16376b-9b9e-4ce2-bf6c-f16dd53e637d.png?v=1754922916,6,"",,,,,,,,,,,,,,,,,,,,,,,,,,,,,,,,,,,,
jogo-faz-ou-bebe-errou-bebeu,,,,,,,,,,,,,,,,,,,,,,,,,,,,,,,https://cdn.shopify.com/s/files/1/0656/8620/8683/files/7_b7712da8-0650-4f93-87e7-f900f733790d.png?v=1754922916,7,"",,,,,,,,,,,,,,,,,,,,,,,,,,,,,,,,,,,,
beer-pong,Beer Pong,"<p><span class=""NormalTextRun SCXW81007510 BCX0"">🥤 O<span> </span></span><span class=""NormalTextRun SpellingErrorV2Themed SCXW81007510 BCX0"">Beer</span><span class=""NormalTextRun SCXW81007510 BCX0""><span> </span>Pong é um jogo dinâmico e empolgante, perfeito para animar qualquer tipo de festa ou reunião social</span></p>
<p><span class=""NormalTextRun SCXW81007510 BCX0"">🍺 O design do jogo e dos equipamentos é inspirado na vibrante cultura das festas universitárias americanas, prometendo não apenas diversão, mas também um toque de estilo para seu evento.</span></p>
<p><span class=""NormalTextRun SCXW81007510 BCX0""><span>🎊Transforme qualquer rolê em uma competição épica. Fácil de montar e super divertido, o Beer Pong vai ser a estrela das suas festas.</span></span></p>",Corneta Jogos,Arts & Entertainment > Party & Celebration > Party Supplies > Party Games,"","drinking, festa",true,Title,Default Title,,,,,,,,'21001,480.0,,deny,manual,49.90,0.00,true,false,,,,,'7898973480058,https://cdn.shopify.com/s/files/1/0656/8620/8683/files/95c7a743a165e7aa9a276131726cae93.png?v=1727380720,1,"",false,,,,,,,,,,,,,,,,O jogo mais clássico dos filmes Americanos,,,,,,,,,,,,,,,,kg,,10.15,active
beer-pong,,,,,,,,,,,,,,,,,,,,,,,,,,,,,,,https://cdn.shopify.com/s/files/1/0656/8620/8683/files/2.png?v=1727380682,2,"",,,,,,,,,,,,,,,,,,,,,,,,,,,,,,,,,,,,
beer-pong,,,,,,,,,,,,,,,,,,,,,,,,,,,,,,,https://cdn.shopify.com/s/files/1/0656/8620/8683/files/5_e7e499f1-4580-4513-8857-47d4aed06a45.png?v=1753703974,3,"",,,,,,,,,,,,,,,,,,,,,,,,,,,,,,,,,,,,
beer-pong,,,,,,,,,,,,,,,,,,,,,,,,,,,,,,,https://cdn.shopify.com/s/files/1/0656/8620/8683/files/9_8eb01d9f-47dd-479b-a50b-c67f9360d6b5.png?v=1753703974,4,"",,,,,,,,,,,,,,,,,,,,,,,,,,,,,,,,,,,,
beer-pong,,,,,,,,,,,,,,,,,,,,,,,,,,,,,,,https://cdn.shopify.com/s/files/1/0656/8620/8683/files/7_84591f3b-85d6-4f12-83ae-348097ef0e59.png?v=1753703974,5,"",,,,,,,,,,,,,,,,,,,,,,,,,,,,,,,,,,,,
beer-pong,,,,,,,,,,,,,,,,,,,,,,,,,,,,,,,https://cdn.shopify.com/s/files/1/0656/8620/8683/files/8_ee6779ee-f8b3-4ca0-9cf3-641dbb5c6cc0.png?v=1753703974,6,"",,,,,,,,,,,,,,,,,,,,,,,,,,,,,,,,,,,,
beer-pong,,,,,,,,,,,,,,,,,,,,,,,,,,,,,,,https://cdn.shopify.com/s/files/1/0656/8620/8683/files/6_1e414531-79f6-4e00-99e0-b82fee335e6a.png?v=1753703974,7,"",,,,,,,,,,,,,,,,,,,,,,,,,,,,,,,,,,,,
batalha-flip-cup,Batalha Flip Cup,"<div data-v-4645d452="""" class=""text-center"">
<p><span>Batalha Flip Cup é uma competição empolgante e fácil de jogar entre 2-4 jogadores, e é ideal para animar encontros entre amigos.</span></p>
<p>🤣<strong>Momentos Divertidos:</strong> Não seja o perdedor da rodada, acertando o flip do copo antes dos amigos.</p>
<p>🎉<strong>Interação Intensa:</strong> Promove competição acirrada e muita interação entre os jogadores.</p>
<p>💥<strong>Momentos de Adrenalina:</strong> Sinta a adrenalina ao acertar o flip do copo e vencer a rodada.</p>
</div>",Corneta Jogos,Arts & Entertainment > Party & Celebration > Party Supplies > Party Games,"","drinking, festa",true,Title,Default Title,,,,,,,,'17001,180.0,shopify,continue,manual,59.90,,true,false,,,,,'7898498481240,https://cdn.shopify.com/s/files/1/0656/8620/8683/files/4.png?v=1756119749,1,"",false,,,,,,,,,,,,,,,,"Competição de reflexo, copos e muita zoeira",,,,,,,,,,,,,,,,kg,,6.29,active
batalha-flip-cup,,,,,,,,,,,,,,,,,,,,,,,,,,,,,,,https://cdn.shopify.com/s/files/1/0656/8620/8683/files/6.png?v=1727380453,2,"",,,,,,,,,,,,,,,,,,,,,,,,,,,,,,,,,,,,
batalha-flip-cup,,,,,,,,,,,,,,,,,,,,,,,,,,,,,,,https://cdn.shopify.com/s/files/1/0656/8620/8683/files/7.png?v=1727380453,3,"",,,,,,,,,,,,,,,,,,,,,,,,,,,,,,,,,,,,
batalha-flip-cup,,,,,,,,,,,,,,,,,,,,,,,,,,,,,,,https://cdn.shopify.com/s/files/1/0656/8620/8683/files/9.webp?v=1727380521,4,"",,,,,,,,,,,,,,,,,,,,,,,,,,,,,,,,,,,,
batalha-flip-cup,,,,,,,,,,,,,,,,,,,,,,,,,,,,,,,https://cdn.shopify.com/s/files/1/0656/8620/8683/files/10.webp?v=1727380532,5,"",,,,,,,,,,,,,,,,,,,,,,,,,,,,,,,,,,,,
batalha-flip-cup,,,,,,,,,,,,,,,,,,,,,,,,,,,,,,,https://cdn.shopify.com/s/files/1/0656/8620/8683/files/11.webp?v=1727380533,6,"",,,,,,,,,,,,,,,,,,,,,,,,,,,,,,,,,,,,
batalha-flip-cup,,,,,,,,,,,,,,,,,,,,,,,,,,,,,,,https://cdn.shopify.com/s/files/1/0656/8620/8683/files/10_ad75cb98-3bd2-4e07-837a-9921ce905870.png?v=1753704000,7,"",,,,,,,,,,,,,,,,,,,,,,,,,,,,,,,,,,,,
